overdue_days,overdue_count,repayment_rate,contact_count,promise_count,promise_kept,app_active_days,repaid_7d
52,3,0.23546934249707221,2,3,0,4,1
15,0,0.8350812371075753,1,0,0,2,0
72,0,0.28657810286880214,2,0,1,2,1
61,2,0.8041494965140785,7,2,0,4,1
21,6,0.7611201308092719,5,2,1,0,1
83,7,0.37044044704038914,6,3,0,0,0
87,5,0.3932408058080048,5,4,1,0,0
75,4,0.8132692527666272,5,1,0,5,0
75,7,0.5153009606985814,2,4,1,0,0
88,4,0.7577362258406279,7,0,0,2,0
24,0,0.2331857326292513,6,2,0,6,1
3,1,0.8673020037113982,6,3,1,1,1
22,5,0.7397962450140873,5,4,0,4,1
53,3,0.9162485279513505,4,3,1,6,1
2,1,0.2191351411314752,9,4,1,1,1
88,1,0.6337130503245378,7,0,0,6,0
30,7,0.6392085265362927,4,1,0,5,0
38,5,0.41811466649210427,8,3,0,1,0
2,6,0.5126197821123321,8,3,0,7,1
64,0,0.13418340696086814,0,1,1,3,0
60,0,0.7712740347643108,5,3,0,0,0
21,0,0.5943902314628566,6,3,0,7,1
33,0,0.1519669466822564,2,4,0,5,1
76,7,0.712680303664437,6,4,1,6,1
58,4,0.5201038695080692,6,1,0,2,0
22,0,0.13101513348250002,1,0,1,0,1
89,4,0.9726469541632858,6,3,0,7,1
49,4,0.9542009287804964,0,0,1,0,1
59,6,0.5616121745324778,4,1,0,1,0
42,0,0.1843051786353192,8,1,0,3,1
60,2,0.7791590994387326,6,4,1,0,1
80,3,0.5427379900951561,6,3,0,6,0
15,1,0.37220273046044194,1,2,0,6,1
62,4,0.5422763597757011,7,1,0,4,1
62,5,0.570199730864918,2,3,1,4,0
47,5,0.6064405291201053,7,0,0,0,0
62,3,0.49710134228979386,2,4,1,1,0
51,5,0.645179772825151,9,0,1,1,0
55,2,0.9268612395457396,6,1,1,2,1
64,5,0.42604127838873207,1,1,0,5,0
3,1,0.7531448168979542,3,0,1,5,1
51,1,0.9050073011418089,5,1,1,7,1
7,4,0.5103813481839432,8,3,0,5,0
21,0,0.4991102527437137,4,1,1,3,1
73,6,0.6419052868193016,8,4,1,1,0
39,2,0.6322660834802393,4,3,0,2,0
18,4,0.8259304080936493,9,2,0,4,1
4,2,0.5288350454004634,7,1,1,6,1
89,0,0.996510654675497,0,1,0,5,1
60,7,0.15352441198055272,6,4,0,4,0
14,5,0.10285106372263157,3,4,0,4,1
9,5,0.6761784804036615,4,0,1,0,1
53,6,0.368591421125689,5,0,1,3,0
2,0,0.3163441498295354,4,0,0,2,0
84,4,0.38070917200385246,0,4,1,3,0
60,6,0.33044280859445885,8,0,0,0,0
71,0,0.12771104469440306,1,0,0,2,0
44,3,0.9743797381515298,8,2,0,2,0
8,1,0.29867093960750357,9,0,0,1,1
47,6,0.7606267863303756,1,1,0,3,0
35,6,0.7863367552247578,8,4,1,3,0
78,4,0.9363316582065063,5,3,1,1,1
81,2,0.12749451138404197,8,2,1,7,0
36,3,0.8848435046023069,5,4,1,4,0
50,4,0.5745035627558203,5,4,0,0,0
4,0,0.6692896989692451,1,1,0,3,1
2,0,0.6800232494089303,7,0,1,1,1
6,0,0.8378180244862548,2,1,1,6,1
54,7,0.40006658994319944,6,0,0,7,0
4,0,0.759746070873994,4,0,0,2,1
54,2,0.5757202987499774,2,4,0,5,1
63,3,0.814054612874813,0,0,1,6,1
18,5,0.9914914294931201,7,2,0,1,1
44,1,0.2805859156633851,2,2,0,5,0
34,2,0.9951837774039981,1,2,1,4,1
74,2,0.1808309388544966,0,4,1,0,0
62,7,0.10208579311433248,3,1,1,5,0
14,5,0.13974574256004815,7,3,0,7,0
48,5,0.40760416426308554,2,0,0,4,0
15,1,0.6696156976105907,0,3,1,5,1
72,1,0.16212658679906466,3,1,0,2,0
78,5,0.10509923307661055,8,1,0,2,0
87,0,0.9433819256129153,0,4,0,7,1
62,2,0.8397339723459367,1,2,1,2,1
40,4,0.828264854025128,8,2,1,2,1
85,1,0.8959818479517794,1,1,0,1,1
80,7,0.7300308454948939,2,4,0,2,0
82,7,0.1939637167732733,6,4,0,6,1
53,1,0.4591901692663508,2,0,0,2,0
24,5,0.7508345378181666,8,2,1,6,1
26,3,0.35230101471236885,5,1,1,1,0
89,4,0.7186657277226138,2,3,0,2,0
60,4,0.12204860344088712,8,2,0,7,0
41,1,0.3755236067916339,0,0,1,4,1
29,0,0.5942173026494554,9,4,0,7,1
15,3,0.6688808465556181,2,1,1,4,1
45,4,0.6193365980157197,0,2,0,3,1
65,1,0.7279806484660866,1,3,1,4,1
89,7,0.10547987341585517,7,0,0,0,0
71,4,0.19084707997976935,6,0,0,0,0
9,6,0.8820498270512306,1,2,1,0,1
88,3,0.7135737796811451,1,3,1,1,0
1,3,0.20163847841741017,8,0,0,7,1
8,6,0.8578669936587213,5,1,0,4,1
88,2,0.3180080960421102,4,0,1,7,1
63,7,0.5304338957757011,9,3,1,6,1
11,6,0.23067686159619427,5,4,0,0,1
81,5,0.739099050779536,8,4,0,3,0
8,5,0.700168978912841,6,2,1,1,1
35,1,0.29000122404952255,9,3,1,3,0
35,3,0.8770606901713016,9,0,1,4,1
33,2,0.46117542179774096,8,0,1,2,0
5,2,0.3632635819636676,3,4,1,3,0
41,4,0.2370966305180819,1,4,0,2,0
28,4,0.3395512112639837,7,1,0,1,0
7,6,0.11982422910143531,3,4,1,3,1
73,2,0.624931743210504,8,1,0,3,1
72,6,0.858007671709553,3,0,0,5,0
12,7,0.5940824044974776,7,1,1,1,1
34,6,0.29734656573148815,8,1,0,1,1
33,4,0.13030226039248546,8,2,0,0,0
48,3,0.2931652659329226,9,4,0,4,1
23,6,0.47450928526398306,3,1,1,3,0
62,0,0.7836502858298168,0,0,1,7,1
88,3,0.2690585672839967,2,3,0,3,0
37,2,0.7478123080192175,8,1,0,6,0
44,2,0.8802401215166953,3,4,0,1,1
86,6,0.5085521632975214,4,2,0,7,0
35,3,0.839288792478334,6,0,0,1,0
65,4,0.5991916132315861,4,2,0,4,1
47,4,0.6733817533728145,3,3,1,1,1
78,5,0.5736506143043825,1,1,0,2,0
3,2,0.5168554450762076,1,1,0,2,1
1,1,0.31118809759826443,3,4,1,5,1
5,5,0.3728746535149414,9,1,0,2,1
14,4,0.3609731070492481,9,0,0,2,0
27,3,0.6069600378584332,8,3,0,4,1
9,7,0.20795832372150092,7,2,0,3,0
79,4,0.9251125216321016,2,3,1,2,1
15,3,0.7485896307548019,8,1,0,7,0
42,5,0.4613010678218743,4,2,1,5,1
77,2,0.2427617300737402,2,4,0,1,0
51,4,0.8937929527494722,4,3,0,2,0
63,6,0.8414002810910487,9,2,1,5,0
52,3,0.7495493974454613,3,2,0,4,1
4,2,0.34439234267011815,7,2,1,6,1
23,7,0.462201973690302,4,0,1,6,1
15,7,0.19247342720718102,9,3,1,6,1
43,1,0.2701355722547786,7,2,0,1,0
29,3,0.8047149735850596,8,3,0,5,0
36,5,0.7435348469656154,3,2,0,2,0
13,1,0.6341371866783412,6,4,0,3,1
32,1,0.9061540533335556,1,4,1,1,1
71,0,0.6249398660317409,5,4,0,1,0
59,4,0.5202711999672497,7,1,0,6,0
86,3,0.4063336716751864,6,2,1,3,0
28,1,0.9464036551625553,6,1,1,6,1
66,0,0.17444391537191817,7,3,0,1,0
42,5,0.9377986348547276,6,1,1,2,0
45,2,0.8440431939379165,4,3,1,6,1
62,6,0.21693693208213116,6,3,1,6,0
57,6,0.6084859219077282,9,3,1,7,1
6,3,0.8798931835741782,2,1,1,6,1
28,1,0.6146282472464384,4,2,0,1,1
28,6,0.91647983940456,6,1,0,2,0
44,4,0.9486854351344383,8,2,0,3,0
84,6,0.4801460699658753,1,2,0,0,1
30,6,0.43958229526569126,3,3,0,3,0
62,6,0.9426890385722412,6,1,0,2,0
75,7,0.7076260550347012,0,2,0,4,0
89,0,0.20442041321335236,1,4,1,6,1
62,1,0.13806257430041308,8,2,0,3,0
1,4,0.6081661458975368,9,4,0,4,1
27,1,0.9371538688945821,6,1,0,4,0
62,7,0.8598238321652365,9,1,1,2,1
77,3,0.7082629718179028,6,1,0,2,0
3,3,0.2252042640019788,5,2,0,7,0
70,3,0.328808245373826,2,0,1,6,1
72,5,0.8879601038973546,9,2,0,0,1
27,6,0.26452651299121044,2,2,0,5,0
9,5,0.35059546742539116,1,3,1,1,1
62,0,0.21664058607589776,5,3,0,3,0
37,3,0.70849740827297,3,2,1,2,1
51,7,0.9495840748268887,4,4,0,3,1
44,4,0.34207122843584736,2,3,0,5,0
24,1,0.5278659470650664,5,2,0,5,1
79,6,0.6709057657400839,2,0,1,6,0
59,2,0.9995196233940676,7,4,1,4,1
32,4,0.1943272584978149,8,1,1,6,1
88,6,0.5487137195551383,3,2,0,1,1
52,5,0.44660810791225003,8,2,0,0,1
62,5,0.8792381487001196,6,4,1,3,0
58,4,0.5283709579104904,2,3,1,1,0
52,5,0.19987977212663327,6,3,0,7,1
12,3,0.6709817307579252,0,3,0,0,1
39,0,0.7937025564374918,2,1,0,3,1
2,1,0.10259312649905314,5,4,0,1,0
3,0,0.8730610168785665,3,4,1,2,1
56,6,0.2674207000050991,6,3,0,3,1
81,1,0.5968624281880401,2,3,0,1,0
59,7,0.4742177506187052,0,0,0,5,0
2,1,0.7476884349494773,8,0,0,0,0
2,0,0.4340454533071677,5,2,0,1,0
54,4,0.8827868590135397,7,2,0,2,1
87,1,0.7574467248629112,2,4,0,6,1
1,7,0.6829418539566293,7,4,1,3,1
19,7,0.8166165360065689,1,1,1,7,0
2,7,0.7786207314355441,3,1,1,3,0
53,0,0.13234480742939803,2,0,0,3,0
44,1,0.45526091846034533,9,2,1,2,1
32,2,0.9377265675848409,0,0,0,0,1
70,4,0.21315184209300359,6,0,0,3,0
32,3,0.7633868953888461,9,2,0,0,1
68,1,0.9771326302017967,1,1,0,1,0
55,7,0.14697876614047448,3,2,1,5,1
75,2,0.7139744925639494,8,3,0,7,1
56,3,0.5213387271709273,5,3,0,5,0
17,3,0.6212577298372499,7,3,1,0,1
38,6,0.17680720283589235,1,4,1,0,1
24,1,0.13870625668024555,6,1,1,5,1
69,0,0.7001799944958296,5,1,0,3,0
70,1,0.8409784868386461,8,4,1,4,0
86,2,0.8038138014396705,6,0,0,4,1
11,3,0.5894251550796137,0,3,0,2,1
16,1,0.18988013902256035,7,3,1,7,1
73,0,0.7192399994524125,9,0,1,6,1
59,6,0.3176999951987314,2,2,1,5,0
70,1,0.9199618324906452,1,2,0,5,0
80,4,0.8544388235911344,2,1,0,2,0
3,6,0.7384446703786518,5,4,0,7,0
20,0,0.9539613602480174,2,1,0,4,0
59,2,0.12827963936014564,9,2,0,1,0
36,3,0.7625803825546857,4,0,0,3,0
19,1,0.3972185014027648,5,1,1,3,1
67,0,0.9154592971177288,7,3,0,1,1
19,6,0.34000767699577983,6,3,1,1,1
20,4,0.7523708493835154,7,0,1,7,1
71,0,0.8898823176857033,2,2,1,4,1
52,5,0.1374911365444142,3,3,1,2,0
33,7,0.45788282163283256,5,3,1,1,0
40,4,0.7860781288197448,6,4,0,2,1
39,6,0.5094270005568284,8,1,0,7,1
82,2,0.3405273668142358,0,2,0,6,0
1,3,0.297824813940871,7,1,0,0,1
11,6,0.2183664402247401,7,2,1,3,1
57,7,0.871416603870654,5,3,1,4,0
89,2,0.6178198629264003,3,4,1,3,0
50,1,0.1687464504923104,2,1,0,4,0
23,0,0.4443222912135719,2,3,0,7,0
31,5,0.4309602857245989,5,2,0,0,0
42,4,0.26356527163851673,7,1,0,3,0
7,4,0.49195686292497165,6,1,1,0,0
16,0,0.39888942885382284,0,3,1,7,1
60,5,0.4076233349429643,5,1,0,4,0
2,0,0.7651239020091628,6,4,0,1,1
1,1,0.3009370469546767,6,4,1,6,1
48,7,0.6776739629698199,8,3,1,3,0
12,2,0.6135846614928414,9,2,1,0,1
69,6,0.6112832611040806,4,3,1,5,0
37,4,0.6967066115275983,0,4,0,3,0
32,1,0.5935438325760886,1,0,1,3,0
9,2,0.8913296033617462,3,0,1,3,0
19,1,0.7080220827552338,4,1,1,2,1
48,5,0.5922669262342494,8,1,1,0,1
80,4,0.8467868082588804,0,0,0,0,1
3,6,0.6455319084401318,2,4,0,3,1
20,0,0.3620298230066611,4,1,0,7,1
24,0,0.2863854263589141,2,3,0,7,1
54,2,0.23709500709641093,3,3,0,1,0
33,6,0.9095096912914914,2,4,0,3,0
24,7,0.7391218886182592,3,1,1,2,0
75,3,0.9436405943478887,0,3,1,4,0
72,5,0.6429626251434487,7,1,1,2,1
36,2,0.5260607933454213,3,1,1,7,1
38,3,0.1537448400738004,6,3,0,1,0
84,1,0.7044780533914268,1,0,1,7,0
89,5,0.623987883791408,1,3,0,7,1
25,1,0.9911880042288593,5,4,1,7,1
18,7,0.3152429000040188,1,2,1,3,0
82,6,0.5776636197581523,5,3,1,7,1
66,4,0.6858616016062654,1,1,0,0,0
54,5,0.6801320572681092,3,1,1,6,1
35,3,0.6051641886535625,6,3,0,5,1
80,7,0.7992352092945029,7,2,0,3,0
61,4,0.2844830885741348,2,3,1,1,0
41,0,0.7530644802469743,8,2,0,0,1
33,3,0.6577611142897802,1,2,0,2,0
68,2,0.906467600615116,7,4,1,7,1
33,0,0.8624749951302235,7,1,1,4,0
14,7,0.38363233521929796,3,1,1,4,1
21,0,0.3486135924776378,0,2,1,6,1
48,2,0.9834879914672031,0,1,1,3,1
20,5,0.5745386628237309,1,0,1,2,1
8,0,0.9157788675229931,8,2,0,6,1
7,6,0.24749292140243398,1,1,1,5,1
67,3,0.6785370233201569,1,0,1,5,1
17,4,0.8288741686245276,5,4,0,6,1
33,0,0.9526557246278021,6,1,1,1,0
48,3,0.40360612691532116,6,0,0,4,0
76,1,0.7524830529316472,8,3,1,2,0
59,3,0.5849317081356572,5,3,1,3,0
86,4,0.1545660334598214,7,0,0,7,0
22,3,0.7209997635780491,5,2,1,0,1
30,2,0.721086902414059,1,2,0,3,1
38,7,0.9375461243618833,0,1,1,3,0
51,4,0.5475812015520752,4,3,1,2,0
54,7,0.30722582863946324,8,2,0,4,0
8,5,0.14010744110381124,7,2,1,2,1
27,7,0.47407796801731517,3,3,1,0,0
27,1,0.37172503006975166,4,4,0,6,0
21,2,0.784979475421488,4,2,1,2,1
30,5,0.41884098835694195,5,0,0,1,0
28,3,0.9541640766833596,2,1,1,3,0
64,4,0.9660791826890058,4,2,0,4,0
69,1,0.6588177311959372,1,2,1,7,1
61,2,0.9357942583133946,9,4,0,5,1
48,5,0.784768910063046,0,0,0,0,1
19,5,0.5921736768776136,0,1,1,5,1
4,1,0.26227714188050033,9,2,1,3,1
35,6,0.512738149162456,6,1,0,2,0
64,3,0.6047870170263558,1,3,1,5,1
49,1,0.8775654226615092,3,2,0,1,1
17,5,0.5332000388820984,4,2,1,2,0
44,0,0.907907205410161,6,3,1,3,1
30,2,0.706914081121122,1,4,0,5,0
46,1,0.22329915674830425,5,2,0,7,1
6,6,0.9954832323925836,0,1,1,6,1
37,5,0.5745093946785214,6,0,1,0,1
24,3,0.45267246676817097,8,1,1,5,1
46,7,0.6932023880225738,4,4,1,7,0
53,5,0.19800398258293517,4,0,1,6,1
60,3,0.6728847820780189,3,1,0,6,0
63,1,0.5484124004493457,2,1,1,5,1
85,3,0.46600666299872484,8,3,1,4,0
32,4,0.9577180190610093,4,4,0,5,0
87,4,0.5702857450588479,7,3,0,3,0
33,4,0.2972057315229446,8,0,0,6,0
67,6,0.5130671314395688,4,3,1,0,0
18,6,0.9274486641154054,9,4,0,3,0
25,0,0.25848592419753524,8,2,0,1,0
54,6,0.2925613348194132,1,2,0,2,0
58,7,0.11172661098137537,8,0,0,5,0
67,1,0.11277104445619046,3,2,1,4,0
46,5,0.8464524642626613,5,3,1,0,1
24,5,0.7589103461586603,5,0,1,4,0
32,0,0.41953695080676245,5,4,0,4,0
47,6,0.7284800415048155,1,0,0,4,1
86,7,0.45568533367897324,6,0,0,5,1
23,3,0.9576071163980447,5,1,0,0,0
66,0,0.9703474132834313,0,1,0,0,1
27,7,0.4535143982284091,1,0,0,6,1
2,3,0.8687997157067813,6,2,1,4,1
17,7,0.7957801375277196,0,1,1,6,1
33,3,0.3789999434546104,0,4,0,6,0
9,2,0.3088358460109954,0,3,1,2,1
43,7,0.5124111853535505,7,1,0,5,0
48,5,0.8032139565529656,3,0,0,5,0
39,4,0.9641510062558709,3,2,1,3,1
42,6,0.7872211619799153,1,3,0,7,1
26,3,0.869686286516533,0,1,1,6,1
50,2,0.6427578755534649,9,2,0,5,1
25,7,0.8518670477579133,8,2,0,4,1
24,5,0.8059787722030759,6,2,1,7,1
13,4,0.43928698773365205,3,0,0,1,0
60,3,0.596791271908649,5,4,0,4,0
7,7,0.8242778097907254,1,2,0,0,0
57,7,0.14145106077096076,6,3,1,5,0
36,3,0.8272713541202469,1,1,0,7,0
45,0,0.2600993116441211,9,3,0,5,0
20,0,0.5632152554092951,7,0,0,3,1
65,5,0.8274478956003438,7,0,1,6,1
8,4,0.32843897034102537,0,3,1,1,0
16,3,0.3212266953755377,7,4,1,5,1
14,5,0.46248795861602665,1,0,1,3,1
76,5,0.9051785178198711,5,0,1,3,1
87,1,0.1003985032934871,0,3,0,1,0
15,7,0.9112447869777415,4,0,1,4,1
66,6,0.23842632217744703,6,4,1,4,0
32,7,0.9910777384607339,9,4,0,4,0
87,0,0.9593622937346212,0,4,1,2,0
63,4,0.545207670632155,1,1,0,6,0
86,7,0.5614482230313653,6,4,1,7,0
51,3,0.5333944062482688,5,4,0,6,1
25,5,0.6718992810935703,2,1,0,4,1
58,3,0.18164953201143794,9,2,1,1,0
63,1,0.12935615350740987,1,0,1,2,1
62,4,0.15193263557430897,9,4,0,6,0
22,5,0.4999288143173629,3,0,0,4,0
58,3,0.34799314529753506,2,3,0,2,0
58,0,0.6598356061338944,6,0,0,7,0
86,6,0.9931980604373011,7,1,0,1,0
49,1,0.4476908557688193,1,0,0,4,1
52,4,0.616457128694062,9,0,0,7,0
42,1,0.47404350631660197,6,0,1,0,0
70,0,0.8625445009496734,7,2,0,7,1
15,4,0.9120127631160143,5,2,1,5,1
54,1,0.8896200509847341,5,3,1,1,1
60,2,0.9769350148113318,9,1,0,7,0
8,0,0.12476726662637377,0,0,0,7,1
53,0,0.8558345459309779,3,0,1,3,0
60,0,0.7765949557351839,0,0,0,3,0
5,2,0.3058249684603283,3,0,0,7,1
68,2,0.9606880840487748,1,2,1,7,1
6,3,0.23336013540695094,4,3,1,1,1
47,5,0.7115949344205176,9,4,1,3,1
55,6,0.30240119513432123,8,1,0,6,0
40,1,0.4882425838966672,9,0,0,1,0
52,3,0.747243907250112,2,3,1,0,1
16,1,0.606992177829742,7,4,0,1,0
13,6,0.4847516481953006,2,3,1,4,0
30,5,0.3937045878387885,5,2,0,4,0
19,2,0.8556936901379113,3,4,1,2,1
17,5,0.22943291528333234,7,3,0,3,0
63,2,0.48709258887682005,5,2,1,7,1
19,6,0.9133818145976279,7,3,0,5,1
58,5,0.8612645954139709,0,3,0,3,0
55,3,0.46084758622574207,5,4,1,6,0
62,4,0.7867975272411775,0,2,0,1,0
23,3,0.8408447476379733,0,0,0,5,1
9,1,0.8999986816032668,7,1,1,5,1
12,3,0.5900551921443052,6,4,0,7,1
1,6,0.28401479744924063,2,2,0,7,1
58,0,0.3297781688535385,5,3,0,3,0
1,1,0.36612520663744386,8,2,1,5,1
34,5,0.634422232728654,6,1,1,5,0
48,1,0.1295286617157476,2,1,1,4,0
89,4,0.6724382219019714,5,0,1,0,0
1,2,0.4279188145854088,3,0,1,7,0
16,5,0.36571762224067794,2,1,0,1,0
61,7,0.8915469136553137,8,4,0,3,1
64,1,0.514002156022719,9,4,1,7,1
63,5,0.1855477409794235,1,3,0,4,0
69,5,0.8440720912236224,0,0,0,6,1
22,5,0.14287713169285596,1,3,0,7,0
67,2,0.754074301751377,6,0,0,6,1
76,7,0.7965155995935986,9,1,1,2,1
26,6,0.41734234533597236,0,4,1,5,1
16,3,0.842309070650008,5,4,0,5,0
51,5,0.5640934652708081,6,1,0,3,0
86,0,0.5169642879455172,8,3,1,0,0
57,6,0.1408629533218233,7,3,0,0,0
29,4,0.36102627428401535,5,2,0,3,1
78,2,0.9379089737967699,2,0,0,3,1
69,1,0.45264156695515,7,3,1,4,0
47,2,0.5920304685010915,6,1,1,6,0
62,1,0.5788195110858266,2,3,0,3,0
69,2,0.631387980840424,8,4,0,6,0
76,1,0.15519786007895436,1,0,0,7,1
16,5,0.4259586293188554,2,2,0,7,1
48,3,0.7508154464942988,1,0,0,2,0
85,1,0.28050422596568464,0,4,0,6,0
39,7,0.2832205397917244,3,4,1,4,1
33,1,0.10908154602012227,4,4,1,7,1
23,0,0.49373373394738873,5,4,0,5,1
10,1,0.8944609426060798,4,1,1,5,1
69,0,0.14671084922857813,0,2,0,7,0
34,4,0.2720068385464024,2,4,0,7,0
52,5,0.3790760845084796,0,4,1,7,0
10,0,0.7585522629077915,4,3,1,6,1
19,3,0.6765720335223279,4,2,0,5,1
58,6,0.47434951412366955,5,0,0,5,1
1,5,0.7831620453325381,7,2,1,1,1
69,0,0.6486679104912118,9,2,1,7,1
4,5,0.9064367196914972,0,2,0,2,0
16,7,0.8362240742248237,3,4,0,7,0
24,5,0.3275322454802805,9,4,0,4,0
80,5,0.3442947198707802,0,1,1,4,0
2,4,0.21282082821314707,8,0,0,5,1
32,3,0.4032682531457109,6,3,1,7,1
84,2,0.9995895268471848,6,2,0,0,0
24,2,0.4651760517535549,4,0,1,4,1
12,0,0.29843959122019575,6,0,1,7,1
50,5,0.7862345960279977,1,1,1,2,0
35,0,0.5882239031163905,3,3,1,3,1
33,4,0.2346413045742573,6,2,0,7,0
33,4,0.44262071304477923,2,3,1,2,0
61,1,0.473022743985409,1,1,1,5,0
51,7,0.7784467305122967,9,4,1,5,1
43,4,0.11860423200271403,1,0,0,1,1
12,1,0.3421176821184794,0,2,0,6,1
67,3,0.5658366711839699,4,4,0,4,1
65,0,0.34196206820755903,5,1,0,6,0
33,6,0.665590642677099,5,3,0,7,0
40,3,0.533680731347155,8,0,0,6,0
74,4,0.42553922937362254,3,2,1,4,1
43,3,0.954287764183461,0,4,1,4,0
44,3,0.6689435492678116,5,4,1,7,1
29,7,0.2169472350411471,4,0,0,5,0
13,7,0.6040825276990559,9,3,1,4,0
12,7,0.8026586678808109,5,1,1,0,0
46,3,0.7376407277435176,2,3,0,0,0
2,4,0.25488030636573344,1,3,1,3,1
35,6,0.975177999136093,5,3,0,4,0
87,5,0.5039322811719454,0,0,1,1,1
81,3,0.24312250336623517,6,0,0,3,1
8,1,0.26217617871533316,6,1,0,5,0
26,4,0.18841149297017246,9,3,0,4,1
74,3,0.8231662975914409,6,0,1,0,1
34,6,0.2098274448896638,9,1,1,1,0
7,5,0.21261273142757225,0,1,0,7,0
68,7,0.8654244532847539,3,3,0,3,0
58,4,0.41014367600280366,6,2,1,1,0
75,2,0.1277721138772652,8,3,1,4,1
29,5,0.1467057695665698,4,2,0,2,0
36,1,0.227953402033506,1,1,1,1,1
89,3,0.29205401317812063,6,0,1,1,0
21,6,0.6986315748145648,9,4,1,5,1
36,2,0.24159365200164543,0,1,0,0,0
10,6,0.2069869520593648,6,0,0,7,0
73,2,0.7882472273286513,5,1,1,4,1
24,4,0.703949755473923,6,3,0,1,0
64,2,0.4917917993097126,9,2,1,4,1
49,1,0.5943787943320936,2,1,1,0,1
36,1,0.38078561829377666,2,0,0,5,0
82,0,0.5342503782118246,6,3,0,4,0
24,1,0.5560053840844712,1,4,0,6,1
23,5,0.4485135440602863,0,3,1,0,0
62,2,0.9159149896049464,8,2,1,0,1
37,1,0.11445567848290554,8,3,0,7,1
12,4,0.8039541367821216,6,4,0,3,0
55,6,0.21194454811719188,6,0,0,5,0
13,7,0.8177926244834794,2,1,1,5,1
23,6,0.6543207241090491,9,2,1,7,0
89,0,0.8589502818427621,1,4,1,6,0
30,6,0.1877628930768077,6,2,0,4,0
17,2,0.6030825706897966,8,3,0,2,1
62,0,0.5509790922359774,0,2,1,6,0
84,2,0.7355738646670228,3,4,0,3,0
89,4,0.5808614967043082,5,1,0,5,0
86,0,0.5866611104197937,6,1,0,0,1
13,3,0.4866363492184582,9,2,0,5,0
59,5,0.3779509816066068,6,0,1,6,1
19,5,0.534037925126973,9,2,0,2,0
49,2,0.20664312289156053,1,3,1,1,1
12,6,0.9653620050847763,3,1,1,1,1
61,7,0.7429696872639384,4,1,0,7,0
19,7,0.9572204050190621,0,1,1,5,1
76,3,0.3040546440969669,0,0,1,5,1
9,0,0.8914069181588752,9,0,0,3,1
71,3,0.8279109861071846,2,4,1,5,1
28,3,0.7094371712119063,9,2,1,2,1
78,6,0.6625262674766852,2,2,1,5,0
52,7,0.38489469874108295,7,3,1,4,0
83,0,0.8347697064685277,8,1,1,6,1
16,4,0.5513639153317604,0,0,1,7,1
69,6,0.16380241830215683,1,3,1,2,0
12,3,0.38157684476961706,9,3,1,3,1
25,3,0.9417673886907948,1,0,0,4,0
52,4,0.8656122345443616,3,2,0,4,0
85,3,0.9837151282688852,1,1,0,6,1
53,3,0.6651940443436882,6,2,1,1,1
23,3,0.32275906582637076,8,3,1,2,0
16,5,0.2465335447091774,6,1,1,6,0
57,6,0.2682229965476155,5,4,0,4,0
39,1,0.11781609251252895,9,3,0,3,0
53,6,0.45161389988734524,0,2,0,6,0
42,4,0.2722849124495883,9,2,1,1,1
58,3,0.47048991441103216,8,2,0,4,0
39,6,0.9414949886548889,4,0,0,6,1
14,5,0.48748618855647097,4,3,1,2,1
5,7,0.8901860472863513,5,1,0,1,0
35,4,0.6449542899542888,8,2,1,2,1
87,2,0.3224183991952527,7,2,0,2,0
75,6,0.4202692833332903,7,0,1,2,0
18,2,0.1755275822392865,7,1,1,6,1
76,3,0.40011633423640947,0,3,1,1,0
9,5,0.7097868509531806,0,4,1,6,0
74,5,0.16489998363649166,7,0,1,6,0
58,6,0.28486126763022646,4,3,0,6,0
17,4,0.4432969372719804,8,4,1,4,1
7,4,0.9838445833143663,1,2,1,5,1
46,5,0.8063756406629922,8,2,1,0,0
13,4,0.7601380718428935,7,1,1,4,1
40,5,0.20457186087290138,8,4,0,1,0
42,6,0.8028963042534923,3,2,1,0,0
9,1,0.8067419303644137,0,2,0,0,1
50,5,0.6409924260618954,0,1,1,0,1
27,2,0.9913256037985347,4,3,1,5,1
66,4,0.39272851533209674,1,2,0,6,0
5,5,0.9471452034176665,7,0,0,7,1
29,5,0.9232580034608533,9,0,0,3,0
37,6,0.11033259377444006,4,3,1,1,0
38,4,0.5051048738273299,4,4,0,7,0
83,1,0.979393809746416,1,1,1,5,1
8,6,0.1928092261672682,6,0,0,5,0
65,1,0.5930062249449876,7,0,0,3,0
86,7,0.9810617563369937,9,3,1,0,0
17,6,0.5999458816952742,0,4,0,6,0
71,4,0.2708337726749404,1,4,0,3,0
89,0,0.6239649070833307,9,3,1,7,0
45,4,0.2839965165545922,3,0,1,7,1
4,4,0.5677338366050358,4,1,1,3,1
36,1,0.16663799612111319,1,0,0,5,1
70,1,0.6449344022929642,0,4,0,1,1
31,4,0.5651109452153423,8,0,0,2,0
19,4,0.7661452318853168,0,1,0,6,1
61,4,0.6676304240429065,3,2,0,7,1
54,1,0.594645641677681,1,0,1,7,1
39,4,0.7208009643233091,3,3,0,3,0
74,4,0.22954772221500777,7,2,1,6,1
19,7,0.6358236951327436,7,3,0,3,0
39,3,0.25489954254049996,8,3,1,0,0
67,0,0.9329699870666928,4,3,0,6,0
45,2,0.1615006943610438,6,0,0,0,0
13,0,0.48733727472171395,2,4,1,7,1
58,3,0.7262177298899004,9,2,0,5,0
20,2,0.5122199905014329,3,1,1,0,1
72,6,0.1828857279096121,9,4,0,6,0
61,4,0.5980411145140366,8,0,0,4,0
39,3,0.677468717944619,9,3,1,6,1
1,7,0.7334130798914569,9,1,0,3,0
3,6,0.43593383301648303,0,2,1,0,0
77,4,0.607293973925886,1,4,0,1,0
62,1,0.5056178274450218,4,4,0,4,0
63,5,0.704850434877028,2,1,0,5,0
25,3,0.6252012705923367,1,0,0,2,1
56,1,0.5731805976032214,0,2,0,3,0
33,3,0.32457193015442376,9,1,0,3,0
38,7,0.10181666597341053,2,3,0,1,0
6,3,0.25667350778028636,0,2,1,2,0
58,1,0.2053594372817518,0,4,0,7,0
44,7,0.5041762705098521,0,1,0,2,0
45,2,0.6510323356856602,7,4,0,5,1
32,0,0.29177650781632736,2,4,1,5,1
45,4,0.9451513863704684,0,4,1,4,1
61,3,0.106013916301499,6,0,0,7,0
47,4,0.7950709136488086,9,4,0,3,1
21,5,0.662684292577398,2,3,0,0,1
80,1,0.4361993209429137,7,3,1,5,0
85,4,0.14544004997116713,3,2,0,1,0
75,1,0.6647379146058514,3,4,1,1,0
36,4,0.44705216157908323,4,4,0,1,0
19,0,0.9426404254718972,5,1,1,6,1
20,0,0.5877910674007893,6,0,1,7,1
57,7,0.9456863601641574,3,2,0,7,0
18,0,0.29843532412597373,7,4,0,5,1
47,7,0.7531533193276929,5,1,0,5,0
49,0,0.6555241187638531,0,0,0,1,0
14,0,0.7654674068481806,0,2,0,7,1
15,0,0.29320107757528313,8,2,0,7,1
31,1,0.6984950646139964,9,4,0,5,0
1,3,0.5482363537511821,5,2,1,6,1
54,7,0.7685424774156846,9,1,0,0,0
3,4,0.39434017973663604,7,2,0,0,1
16,0,0.9010513229187272,6,3,1,4,1
87,1,0.17587118315021533,5,1,0,7,0
57,1,0.8264703869120692,3,0,0,3,1
75,1,0.8751876632335818,6,0,0,0,0
12,7,0.8355270802301391,8,4,0,4,1
74,3,0.5614537548355985,9,4,1,2,0
16,7,0.49454648202768525,9,3,1,3,1
72,4,0.9966360578723891,6,0,0,7,1
76,3,0.3062547560927459,0,0,0,0,0
24,2,0.5921883692884401,9,0,1,6,1
28,6,0.703607972844093,8,0,0,2,0
8,1,0.7307808722752888,3,2,1,4,0
36,7,0.28362219916472087,2,1,1,0,0
8,2,0.6885946831058211,3,1,1,7,0
58,5,0.8365326098332035,3,3,0,0,0
60,7,0.145016719139001,9,2,0,5,0
50,0,0.9203691639927849,1,0,0,2,0
28,6,0.12655364963068536,0,0,1,0,1
41,0,0.42037392923955497,9,4,0,1,0
64,3,0.11423187660966587,0,4,0,6,1
27,6,0.16943065168562368,7,3,1,5,1
63,7,0.9200514566620712,1,0,0,5,1
17,4,0.41937474767153304,9,3,0,0,1
73,2,0.48229437738254766,4,2,0,6,0
33,4,0.2938099432442974,3,1,1,5,0
84,7,0.6373861931680478,7,0,0,3,0
77,3,0.6353228932100107,1,2,1,2,1
29,0,0.4349803526426973,9,0,1,3,0
13,6,0.3997313846248586,8,4,1,4,0
46,4,0.896467877362529,6,3,0,3,1
35,7,0.44495581567798126,6,4,0,6,0
6,4,0.5441508929389675,0,1,0,1,0
82,7,0.35497428618243754,1,4,1,5,0
69,0,0.8080925530214146,3,0,1,6,0
47,6,0.45770334120918243,3,4,0,5,0
25,2,0.5622499418898921,2,0,1,7,1
66,0,0.3280214530536953,6,1,0,1,1
10,4,0.9888936331071266,7,4,0,5,1
56,2,0.36234616683135057,1,3,0,3,1
30,7,0.7936682778149965,3,3,0,7,0
5,2,0.4847460853210833,2,3,0,7,0
33,7,0.28559566457572594,1,4,0,4,0
65,0,0.8197468875683751,5,4,0,7,0
18,4,0.40024611012613887,3,4,1,7,1
49,3,0.8786740126580299,5,0,0,0,0
11,4,0.9237314664260408,1,1,1,1,1
85,7,0.8738414518521483,3,3,1,3,0
26,1,0.1315071233261251,5,0,0,6,0
63,6,0.808636010504595,4,3,1,3,1
89,5,0.47020551984922954,2,0,1,3,0
86,3,0.8863506281640026,7,4,1,0,0
59,2,0.6741588364162648,6,3,0,2,1
27,3,0.8502788207295625,2,4,0,5,0
49,6,0.5494885928801518,5,3,0,5,0
77,2,0.5815229541390395,3,2,0,6,0
33,6,0.22994886892030053,4,0,0,7,0
1,2,0.8055886228204199,4,2,1,4,1
21,3,0.47745065050027446,6,0,1,6,0
55,2,0.5500721064444244,4,1,0,2,0
6,2,0.8065879426861369,2,3,1,5,1
81,1,0.6389608600714951,9,1,1,4,1
69,4,0.28098885469840074,4,1,1,6,0
5,4,0.6312093932358035,6,0,1,4,0
3,5,0.46686957218169023,4,2,0,3,1
53,5,0.5225729878394764,4,4,0,1,0
23,7,0.125480146962401,8,0,0,3,1
53,7,0.28902641456465344,2,4,1,0,0
37,7,0.3529342732429255,5,1,1,7,1
74,1,0.7416640070729251,0,4,0,5,1
74,5,0.11034322596830379,9,2,0,4,1
83,6,0.46789953510621884,4,0,1,6,0
17,7,0.9316241833831596,7,2,0,7,1
85,7,0.20069255489421145,4,2,0,1,0
78,3,0.56478194939675,8,0,1,6,0
73,0,0.8078701441517623,5,2,1,5,1
1,6,0.948278176768105,7,3,0,4,1
51,7,0.7720989755803461,9,3,1,4,0
45,7,0.7485089937799655,7,3,0,3,0
77,7,0.8438392811761861,2,4,1,1,0
4,0,0.5015810988797893,6,2,1,1,1
62,0,0.8252600793560497,6,0,0,5,0
65,1,0.10716796427090602,9,0,1,4,1
32,6,0.9321049498391244,5,4,0,7,0
34,1,0.4989758585654578,6,0,1,1,1
72,2,0.5980421690791728,1,3,0,1,0
39,0,0.3293940240233941,8,2,1,6,0
26,3,0.7682777495563793,9,0,1,5,0
34,5,0.16897222582772392,9,0,0,3,1
54,3,0.8853722222921517,0,1,1,6,0
3,5,0.8453051461057085,0,1,0,6,1
50,0,0.29445410462028976,2,1,1,2,1
12,0,0.8283919584567361,2,2,1,0,1
65,0,0.8077219597553333,0,3,0,2,0
54,1,0.6689949379785541,6,3,1,1,1
5,6,0.43616815920971874,3,3,1,4,1
57,5,0.3443488787636811,9,2,0,0,1
17,6,0.30860523126041506,1,2,1,0,1
47,1,0.38674806648724647,9,1,0,4,0
23,1,0.9132025990892773,4,0,0,0,0
79,4,0.16987669838990316,5,4,0,4,0
85,3,0.8459841486276628,8,4,1,0,1
14,3,0.4140010675376412,3,0,1,6,1
66,2,0.5694394564102224,1,1,0,7,0
75,7,0.8150370702836416,4,0,1,5,0
51,1,0.8959388923206741,2,0,0,5,1
38,5,0.41030327806538236,1,4,1,2,0
64,4,0.5156591331475993,0,1,0,6,0
38,4,0.473064458335113,9,2,0,0,0
50,7,0.1119259301535195,1,4,1,3,1
82,6,0.366348599972791,5,2,0,4,1
30,7,0.5132703103593057,7,1,0,6,0
79,7,0.4699842479923958,2,0,1,0,0
51,7,0.7497363047641115,8,3,0,5,1
63,3,0.4463232554989929,8,3,0,5,1
52,1,0.5404388040736032,1,1,1,4,0
38,2,0.486647732919127,7,3,0,3,0
88,1,0.7665635340049335,9,2,0,0,0
79,6,0.8766751590882663,4,3,0,0,0
30,0,0.5787001711067628,3,1,0,3,0
51,7,0.810488974775672,9,1,0,3,0
81,1,0.3671080138178655,4,2,0,3,1
5,6,0.5872326491415418,3,3,0,5,0
29,0,0.4107069583029752,7,3,0,4,1
4,0,0.47278083301464724,3,0,1,6,1
10,7,0.7591724783314017,9,4,0,7,0
56,2,0.8934962340994415,5,1,0,3,1
17,5,0.20934585197898886,1,0,1,4,1
74,3,0.6711753308386424,4,1,0,2,0
17,1,0.6239294268200186,5,0,0,0,1
84,0,0.20657353525833871,4,4,0,0,0
88,1,0.29070489739609817,1,0,0,7,0
69,5,0.3799022452594123,6,1,0,7,1
34,3,0.25023796373575136,3,3,0,1,0
6,5,0.31935653427190763,7,1,1,2,1
53,3,0.3408407189755368,6,2,1,6,1
66,4,0.40210644973515364,6,2,1,7,1
77,3,0.7744514075210431,8,2,1,3,0
43,7,0.6147209834655406,0,2,1,3,0
75,2,0.9876220047562613,9,4,0,6,1
23,5,0.47326224427072394,5,3,0,5,1
55,0,0.7784785664532325,5,3,0,2,0
80,7,0.8843215792388804,5,1,0,3,1
75,4,0.7110806437342377,5,0,0,7,0
16,2,0.4706782663757464,9,1,1,1,1
8,1,0.7782351676711776,6,1,1,4,1
4,7,0.2833004239954164,9,1,0,0,0
4,5,0.39479694866211923,5,1,0,2,1
56,6,0.5920167295893599,0,3,0,0,0
25,6,0.6178684485575335,2,0,1,4,1
67,0,0.11992732792536652,1,1,1,2,1
67,3,0.9506027698804078,5,3,0,7,0
27,0,0.726964544095651,7,1,1,4,1
32,6,0.546133375208702,2,2,0,3,0
50,1,0.9398145109674775,9,1,1,6,1
61,4,0.4951860087257457,7,1,1,3,0
51,4,0.9823920132433346,7,4,0,7,0
19,5,0.5610562815191366,4,2,1,6,0
21,4,0.2028571929981815,7,0,1,3,1
5,5,0.7883208752133495,5,1,0,4,1
82,7,0.7110079525700564,4,0,1,4,0
42,5,0.7956880491750281,8,2,0,4,0
61,7,0.956297825853113,6,1,1,0,1
22,5,0.7988403723859163,7,4,0,7,0
21,6,0.6502029419949822,0,3,0,4,0
70,6,0.8715780121247568,1,4,1,3,1
1,3,0.7059217954190784,7,4,1,1,1
5,7,0.46730715114333077,8,3,0,7,1
12,2,0.8970577878175959,3,3,1,4,1
46,7,0.2997104147059356,9,3,1,1,0
34,5,0.7431771474178518,9,1,1,6,1
49,5,0.8934071094466812,8,0,0,3,1
78,2,0.7581848677329667,3,0,0,4,0
45,0,0.7275478771484712,9,3,0,0,0
27,5,0.7773744646646524,9,4,1,0,0
73,3,0.5185497234705799,9,2,1,6,1
26,4,0.8867536139413233,8,3,0,1,1
47,4,0.2830928276224821,6,4,0,5,1
86,1,0.21464777440030536,1,4,1,0,0
56,1,0.35695790210666045,8,1,1,7,1
63,4,0.5784196570974939,3,1,1,0,1
48,4,0.5595056158684043,7,0,1,0,0
61,6,0.838538881908928,6,0,0,3,0
81,3,0.46411179076361564,6,2,1,0,1
26,2,0.5359099836623578,7,2,1,2,1
36,1,0.11203091493345607,0,2,0,4,0
1,6,0.4687653127986452,4,2,0,6,1
8,6,0.6829968096553078,1,4,1,0,1
52,2,0.11395749756393297,1,4,0,5,0
79,6,0.35279376866761936,0,0,1,7,0
47,7,0.28716072336045095,4,1,1,5,0
56,3,0.13778688601862943,1,1,0,0,0
86,4,0.5313340809230838,3,3,0,0,0
14,5,0.26355096390534083,2,4,1,2,0
28,2,0.7687733856682422,2,2,0,0,0
87,4,0.8631350953870136,1,2,1,0,0
78,4,0.5910266644022331,5,3,1,4,0
88,0,0.9835366082690274,1,1,1,5,1
2,7,0.5054307143235358,7,2,0,2,0
26,2,0.562031389202424,7,1,1,5,1
14,6,0.9902959785619752,4,3,1,2,1
59,5,0.3083935923685439,9,1,1,5,1
56,2,0.9482913457092147,6,1,0,0,0
7,6,0.13855379960720193,3,1,1,5,0
3,4,0.5017482012368754,0,2,1,5,1
23,5,0.1630031609197592,1,0,1,2,1
18,6,0.7563112686222787,9,4,0,6,1
38,3,0.647568042292016,9,1,1,1,1
15,6,0.7359708371208368,3,1,1,2,1
64,0,0.43703235997121526,0,1,0,2,0
89,7,0.43253374062824224,7,0,0,2,0
28,4,0.14078735106480517,8,3,1,3,1
74,6,0.4149504455766758,3,2,1,6,1
39,7,0.9363595620358535,9,0,1,3,0
57,1,0.4413038834624041,2,1,0,3,1
17,1,0.848230935599773,1,0,0,2,0
86,7,0.8580929542749407,4,0,1,1,0
44,7,0.43591704074131044,2,0,0,2,0
25,0,0.6687898123565701,9,3,1,0,1
17,3,0.18583444204575278,6,4,1,1,1
13,4,0.19331072266084887,5,2,0,3,0
84,2,0.14379189729554198,0,3,1,7,1
25,0,0.6229135840375986,7,3,0,5,1
68,3,0.4834638798634874,1,4,0,5,0
10,7,0.5932291209978161,4,3,1,6,1
67,2,0.5689658714575491,8,0,0,7,1
18,7,0.41518269198165725,7,0,1,4,0
86,7,0.7097260733411256,1,1,0,6,0
34,1,0.7826516928247517,8,3,1,1,0
8,1,0.11316543298990815,4,1,1,3,1
40,2,0.28651806979199046,9,2,1,1,1
83,0,0.7419122812750032,5,0,0,1,1
42,1,0.4479581553704508,2,2,1,5,1
41,4,0.6962355522474474,2,4,0,2,0
6,7,0.41226639376110263,9,0,0,0,0
52,5,0.45167963709667336,7,2,0,4,0
26,6,0.24281098632071643,9,4,0,3,1
64,2,0.33240791769954403,9,2,0,1,0
59,2,0.6448705817568285,1,4,1,4,0
56,1,0.4898468001836498,1,4,0,1,1
59,0,0.7968724146501356,4,0,1,7,1
70,7,0.8673264594445085,5,1,1,5,0
33,4,0.5874817763950839,1,4,0,0,0
53,0,0.7824405628504533,4,4,1,5,1
22,3,0.3762140618751131,6,0,1,4,1
21,3,0.47347409386007044,9,1,0,3,1
70,5,0.7414999085951479,9,3,1,1,1
70,1,0.4475907935353276,7,3,0,0,0
4,1,0.6296544416430899,6,1,0,7,1
75,1,0.26683550117426036,7,2,0,5,0
62,5,0.6397941834734482,8,0,1,7,0
62,3,0.8753623365042043,4,1,1,4,1
24,0,0.8817756758410831,4,3,1,5,1
55,5,0.7519099656965857,9,4,1,1,1
9,5,0.7711780411685134,3,3,0,1,0
3,0,0.6021347006356306,8,4,0,7,1
31,1,0.6262012811492423,4,0,1,3,1
40,4,0.2202855232694662,1,4,0,0,0
36,0,0.49947326957917104,9,1,1,2,1
24,3,0.5056986554977274,7,4,0,5,0
6,2,0.9626480521009662,6,2,0,1,1
66,7,0.4879781763609605,7,1,0,4,0
84,2,0.5944083804124819,2,0,0,5,0
75,6,0.5799262593511922,3,1,0,3,0
4,6,0.6730855453398944,4,2,1,3,1
79,5,0.7734095481987063,5,0,1,1,0
6,7,0.30253768855378493,0,3,0,1,1
51,2,0.5758519771885922,3,2,1,7,0
62,4,0.8433259365844273,9,0,0,1,0
57,1,0.5168032424537603,4,4,0,7,0
66,3,0.3506117917362157,6,1,0,6,0
79,6,0.6892381678206692,4,0,0,2,1
75,4,0.8413906562192106,0,1,1,1,1
8,3,0.15682626363465219,6,4,0,5,0
26,3,0.7991114350665044,7,0,1,5,1
51,1,0.8394831396655941,6,3,0,7,0
45,7,0.5153706348297461,3,2,0,6,0
44,5,0.9849750911366206,7,0,1,6,1
5,2,0.8080375066365781,4,4,0,0,1
70,1,0.7962963084060992,9,0,0,4,0
26,4,0.7730547169708646,8,1,1,1,0
68,5,0.2355472928964466,9,0,1,7,1
19,4,0.29550779780770975,4,3,1,5,0
84,5,0.5175911183179825,0,0,0,6,0
20,7,0.33760391496351927,8,2,0,5,0
12,6,0.4737168751006364,4,0,1,5,1
47,4,0.8996176989306286,5,1,1,6,1
1,1,0.8418942026913423,3,0,0,2,0
14,5,0.667035890631984,5,3,0,6,0
64,5,0.8723083548259932,7,4,1,6,1
38,3,0.8053951501155243,2,0,1,4,1
37,3,0.48608643865680146,4,0,1,7,0
11,0,0.2809586368449506,1,2,1,7,1
77,4,0.5627809360084053,1,3,0,6,0
3,3,0.7626059942756951,6,4,0,3,0
33,0,0.4927776388566337,9,1,0,7,1
6,6,0.7000947188055074,9,0,0,7,1
50,6,0.18489468366193929,9,4,1,7,0
10,3,0.773204262734263,5,1,0,6,1
5,4,0.8314422579037558,3,3,1,5,1
23,5,0.736154070202487,4,3,0,1,0
10,2,0.9705372287737289,0,4,0,5,1
44,7,0.8439868517145763,6,1,0,4,0
2,4,0.9127843550888844,7,3,1,3,1
13,7,0.9402139751118832,8,4,0,6,1
40,1,0.8212131926864277,7,3,1,2,1
2,6,0.7068329578058492,4,3,1,0,1
84,3,0.10514672322471036,2,3,0,6,0
65,3,0.5192431779008122,9,2,1,1,0
63,7,0.6140460687601249,8,1,0,0,0
73,5,0.3736272452031997,5,4,1,2,0
17,7,0.3862940022131248,4,4,0,4,1
9,1,0.9650434741391486,2,1,1,4,1
75,5,0.9025397786824713,5,1,1,2,0
15,1,0.8642611049515337,2,1,0,5,1
24,2,0.4654106215354996,9,1,0,2,1
38,6,0.11232869536802309,5,0,0,7,0
35,3,0.17220002181014266,3,4,0,7,1
49,3,0.3809767313958433,1,0,1,6,1
69,2,0.1141686216961093,7,3,1,1,0
62,0,0.11543480372367831,3,3,1,7,1
60,6,0.9249429714781698,8,4,1,3,0
50,5,0.7355426519071486,6,3,0,6,1
78,2,0.3780603910613374,1,1,1,6,1
75,5,0.21938011984085787,3,0,0,6,0
9,7,0.5604721461055694,4,1,1,0,0
34,4,0.10481154476892801,2,3,0,0,0
76,3,0.9445723694723296,8,0,0,4,0
35,5,0.4733336074500525,4,1,0,6,0
1,1,0.4621014597135995,1,4,0,5,1
40,5,0.451534246823604,2,1,0,7,1
64,4,0.16239549734898828,8,3,1,4,1
22,6,0.6744900158126439,6,0,0,1,1
60,3,0.759703257665518,1,4,1,2,1
64,7,0.7085128578294613,8,0,1,0,0
72,2,0.22459194399645488,3,4,0,6,1
11,7,0.6209561512320333,8,0,1,1,1
14,4,0.6125360357550285,1,3,1,4,1
60,3,0.8815697091472439,9,4,1,4,1
30,5,0.4412148925380823,3,2,0,0,0
35,6,0.43433734929349077,4,0,0,4,0
85,0,0.656674352846367,1,0,0,5,1
37,6,0.6697653881495618,9,1,0,4,1
5,0,0.5223567045932114,0,4,1,3,1
83,1,0.49875342609737905,6,2,1,7,0
78,6,0.5447329035740944,9,3,1,2,1
26,3,0.8749407695529807,0,1,1,4,1
62,0,0.515050211128519,7,2,1,7,1
4,2,0.9459386127728402,2,4,1,7,1
89,3,0.5536033872366934,9,2,0,3,0
42,2,0.9542806238628022,5,0,1,1,1
89,6,0.8495487116821682,6,0,1,4,0
18,2,0.42618819035424627,9,1,1,5,1
40,0,0.8772772791669544,0,4,0,1,1
72,3,0.19905695578100369,5,4,1,7,0
39,5,0.932542457808713,6,2,1,7,1
14,4,0.6684791635746025,5,1,0,6,1
32,0,0.14895167367008008,3,4,1,4,1
51,0,0.6798310512857304,0,0,0,0,1
38,5,0.9768228887302804,8,2,0,3,1
23,3,0.16282058915316605,3,3,1,3,0
63,3,0.5992189388020777,6,0,1,0,1
15,7,0.7730149147834352,6,1,0,2,0
25,6,0.8292327280295781,1,4,1,7,1
17,2,0.4724447187887163,0,0,1,6,0
66,6,0.2837499032514187,7,3,0,5,0
78,5,0.13810805089514547,7,3,0,3,0
53,6,0.6217535413875023,6,1,1,1,0
51,5,0.5076199632408497,7,0,0,7,0
39,3,0.9538699556347399,2,2,1,5,0
51,2,0.1545444169434188,1,0,1,3,1
70,6,0.7168558091014051,6,3,1,6,1
6,0,0.12246959990805145,7,1,1,2,1
67,1,0.2542907590394885,0,1,0,6,0
7,7,0.5082210999305508,9,2,1,1,1
51,4,0.5093851985225814,8,1,0,6,0
72,0,0.7171304886402795,3,1,1,5,1
42,3,0.919191731380981,3,1,1,7,1
64,4,0.6751289430234287,2,1,0,1,0
15,1,0.9581815880663579,5,1,1,7,1
29,1,0.8934540758901979,0,3,0,0,0
33,2,0.6260498159777113,5,0,0,4,0
27,4,0.8504127558269445,1,4,1,0,1
36,2,0.6783198492912706,8,1,1,5,1
29,0,0.17070204783135445,1,4,1,4,1
38,5,0.7665082509335589,6,4,1,0,0
57,5,0.1854175971406116,0,3,0,4,1
27,5,0.6346745025127412,6,1,1,3,1
55,4,0.732376185272406,4,4,1,6,1
33,5,0.15987484738976973,7,1,1,1,0
68,0,0.3077151885338786,3,2,1,4,1
86,2,0.9241050090354849,9,2,1,3,1
66,4,0.6546830430096067,6,2,0,6,0
10,2,0.32165741692947847,5,4,1,6,1
5,4,0.721611794033206,4,2,0,2,1
74,2,0.6370987779655206,3,3,1,7,1
38,1,0.5514181299261536,6,3,1,0,0
13,2,0.9785682774892753,4,4,1,2,1
31,5,0.715108399666758,4,1,0,7,0
47,1,0.4378969987011214,0,0,1,7,0
88,2,0.8200660888691812,1,1,0,5,0
52,4,0.896124963629069,4,1,0,3,0
56,4,0.2126985035651483,2,1,1,2,1
15,7,0.28049768006073983,1,1,0,2,0
29,4,0.2946043082150017,3,0,1,7,1
8,3,0.7220906284478863,3,2,1,6,1
5,0,0.642735599547955,3,1,0,3,1
29,4,0.6570924082287294,3,3,1,6,1
47,1,0.9466959697205508,2,4,1,1,1
68,7,0.7983203795265753,6,4,0,4,0
76,4,0.21514323206060487,8,3,0,5,0
45,3,0.412756374182663,4,1,0,5,0
2,5,0.491854281558162,3,0,0,0,1
27,1,0.45636542987284445,1,2,0,6,1
36,3,0.7023777482456912,1,4,0,4,1
36,5,0.9027037929309063,4,2,1,7,0
26,6,0.37544631717050925,6,0,0,0,0
43,6,0.5966894227790671,9,4,0,5,0
27,1,0.8104684797222271,9,2,1,4,1
69,2,0.4745962529608144,8,0,1,2,0
20,0,0.2513063155593663,6,2,0,1,1
11,7,0.5274558687373735,4,1,0,7,0
74,0,0.14970026866872563,9,0,1,2,0
38,3,0.9481451086020491,9,2,0,1,0
6,5,0.16733908467547576,9,1,0,7,0
72,0,0.49461104372552034,5,1,1,6,1
23,5,0.5768931349796735,2,0,0,3,0
47,5,0.9867734490585569,4,3,1,0,1
46,3,0.24941964127857472,7,4,0,0,0
12,3,0.2029883667511227,0,0,1,3,1
13,3,0.10783553235628923,0,1,1,4,1
62,0,0.24001429318237208,6,1,1,3,1
82,6,0.28654568116090084,4,0,0,6,0
89,3,0.6675228474247831,4,3,1,5,1
60,7,0.29773611135226036,0,4,0,3,0
43,0,0.11846873325639269,8,2,1,1,1
76,3,0.8439565109522398,0,0,1,5,1
68,4,0.42903613090357007,4,4,1,3,0
5,5,0.4183270179226606,9,4,0,0,0
37,7,0.37223112625113397,8,1,0,2,0
72,3,0.9778359494317788,3,2,1,1,1
31,1,0.25310387557835334,7,0,0,6,0
9,5,0.9084142575579116,5,1,0,1,0
51,5,0.7991229989258991,2,1,0,7,1
29,3,0.16883195994938177,3,3,1,4,1
78,6,0.9880561913507638,1,4,0,2,1
40,2,0.3442293671851095,0,0,1,1,0
41,6,0.18872463432017111,7,0,1,7,1
86,3,0.8463828107131834,0,0,1,3,1
11,5,0.7360079803099299,0,1,0,1,1
23,7,0.6554969252901107,3,3,1,1,0
1,1,0.24038277732903984,9,2,0,1,1
46,7,0.5306465046303657,9,1,0,4,0
21,7,0.8025004241984924,5,2,1,1,1
36,5,0.37326154432945624,8,3,1,1,1
54,6,0.3805208456635373,0,4,1,4,1
87,1,0.1028268154433099,6,0,0,7,0
57,0,0.2568190614808416,9,2,0,5,0
1,4,0.8878650626096508,4,1,1,2,1
63,5,0.4975718424739364,7,2,1,7,1
54,3,0.9858110493109905,6,4,0,6,0
55,0,0.4561371672164133,3,0,0,5,1
40,4,0.7436678093022171,3,2,1,0,1
15,3,0.3537271386142562,5,4,0,4,1
21,7,0.4274286770268402,5,1,0,4,1
47,2,0.27165338883180523,8,3,0,1,1
73,3,0.4123561316494555,4,1,0,1,1
53,1,0.5925137683785788,7,0,0,6,1
9,1,0.9925955928813245,4,1,0,0,0
74,2,0.697781541764607,1,1,1,1,1
52,0,0.27932135896748267,5,1,0,3,0
57,4,0.14046529743239602,8,1,1,1,1
26,3,0.21372083318305957,2,0,1,1,0
41,1,0.6062996811457426,0,4,0,3,1
35,0,0.7886442959350897,0,2,1,0,1
63,2,0.9463772865706722,2,3,1,3,1
25,6,0.11424085479713875,9,2,1,4,0
75,5,0.5704841274056828,4,2,0,3,0
38,6,0.5237806206008591,2,3,1,2,1
2,6,0.6904495197781336,8,0,0,4,0
7,1,0.6036209690188078,7,3,1,1,1
82,7,0.7183352355242325,2,0,1,6,0
34,7,0.6922743262742713,8,2,1,4,0
17,2,0.20531055237215157,5,0,1,0,1
43,3,0.8197461222568476,6,4,0,0,1
59,7,0.21090931814469238,3,3,1,3,0
51,6,0.7286775626882234,3,4,1,4,1
54,7,0.474530830876546,1,2,0,1,0
24,6,0.5624656611189381,4,3,0,0,1
25,4,0.9129682129381395,7,2,0,5,0
71,1,0.900895353826138,6,4,1,1,1
52,1,0.8360706750895266,6,2,0,5,0
70,3,0.5591335424106909,5,3,0,2,0
88,7,0.7626158291204498,2,3,0,5,1
33,7,0.5616073499669284,4,2,0,7,0
49,5,0.8826454742272997,0,3,0,0,1
29,0,0.46249824990960997,6,3,0,3,0
63,4,0.9732118099733891,8,2,1,2,0
22,1,0.9390904824059898,0,4,0,4,1
26,4,0.7674423575066069,1,3,1,1,0
28,1,0.3514742957584648,2,3,0,0,1
85,4,0.21848822991393257,2,3,0,2,0
49,2,0.8692331050838777,7,3,0,2,1
71,6,0.24877205752416515,6,2,1,7,0
81,1,0.8688347100976022,5,4,0,0,1
84,4,0.5416885060411244,9,4,0,4,0
49,7,0.4659011054272938,9,0,0,4,1
20,0,0.9128717009509862,3,3,0,3,1
86,2,0.6434658842862501,8,3,1,6,1
63,2,0.618952606416746,0,0,1,5,0
61,0,0.6028893501619579,1,4,1,4,1
49,4,0.43405256441757833,3,1,1,7,1
71,7,0.8070787931762146,2,1,1,3,1
1,3,0.3275185996141957,0,4,0,5,0
13,0,0.9450054640371476,4,3,0,2,1
87,4,0.9045866845422647,6,1,0,0,0
51,0,0.4037322931074083,1,2,1,4,1
56,0,0.7565173928484974,4,2,0,3,0
83,1,0.6159008750046323,5,0,1,2,1
62,4,0.40388437179931114,6,4,0,4,0
32,3,0.9896694831959021,0,4,1,1,1
30,6,0.12271361126343779,6,1,0,6,1
29,1,0.327381427559158,3,3,0,2,1
49,0,0.5680666550000354,7,4,0,7,0
45,6,0.5697577031307075,3,1,0,7,0
30,5,0.6300397674510078,5,1,1,4,0
16,6,0.7765085548206273,8,4,0,7,1
40,0,0.6611300474673667,4,1,0,2,1
19,0,0.6402533144752333,3,0,0,0,0
18,7,0.14816301662173897,7,0,1,0,1
1,4,0.43887725901036845,8,4,0,6,0
78,4,0.3088501657310404,3,3,0,0,0
47,1,0.3388331004417779,2,0,0,5,0
66,3,0.5989037269063104,7,0,0,1,0
38,1,0.27955478343664764,4,4,0,0,0
51,2,0.3645541909152078,1,2,1,7,1
63,0,0.31337623766560607,9,1,1,1,0
4,6,0.9536526488963752,8,0,1,0,1
1,5,0.9501991589539857,2,2,0,5,1
8,0,0.6489474027364466,1,3,1,7,1
29,0,0.9320702218587099,0,2,0,2,1
55,1,0.8072313809215358,7,4,0,4,1
3,5,0.6309530945216278,2,3,0,4,1
32,5,0.10579169034711615,6,3,0,0,0
10,5,0.7952646574714636,0,2,1,4,1
74,1,0.732239507429622,0,4,1,0,1
83,0,0.6537282879541726,8,0,1,0,1
34,1,0.7843818805142245,7,2,0,7,1
87,4,0.5616299482972892,2,0,1,6,0
55,4,0.7336749441892052,5,2,1,3,1
32,1,0.941654878053844,2,0,0,3,0
50,5,0.4382245142614777,3,2,1,6,0
7,7,0.7373096514105628,0,3,0,3,0
8,0,0.5281190362098629,4,1,1,1,1
65,1,0.7069596866325834,0,3,1,3,1
57,1,0.7866040019989277,0,0,1,0,0
67,1,0.14090725039221638,9,4,0,5,0
88,7,0.6819403995537957,6,3,1,5,1
87,7,0.3040670659662501,5,1,1,2,0
59,2,0.7030292840268101,1,0,1,7,1
72,4,0.5214971673404322,1,3,1,3,1
54,6,0.7961974676783985,6,2,0,5,0
67,5,0.2110607336850368,0,4,0,3,0
51,3,0.6636901164905756,1,0,1,7,1
8,7,0.35062365603479706,7,3,1,2,0
34,6,0.8676837957975323,5,0,1,5,0
35,7,0.9355451550726767,1,2,0,0,0
88,5,0.9967584643111499,6,1,1,1,0
78,3,0.8164066621845549,3,3,1,6,1
32,2,0.778360663385204,1,0,0,6,1
46,1,0.29395068298079596,5,0,0,6,1
16,2,0.40240635309109785,8,0,0,3,1
68,7,0.5191142875860516,8,1,1,5,0
37,2,0.7960429430040247,7,0,0,7,1
54,6,0.9234692785701718,2,4,0,7,1
85,0,0.2702251900206862,2,4,1,5,1
14,7,0.9301307362030926,1,0,0,2,1
55,7,0.7260621871186522,4,4,1,0,0
48,6,0.6496936576165347,3,3,1,4,0
82,4,0.2798571441537456,6,4,0,5,1
7,3,0.1499725295282355,3,0,1,1,0
74,1,0.6116184086571459,8,2,0,2,0
7,6,0.6863641149960031,1,3,0,5,0
33,3,0.28970330441921943,5,1,0,5,1
23,5,0.6008105852429108,6,0,1,2,1
85,3,0.8708440624863162,3,1,0,2,1
19,5,0.851559350909518,5,2,1,3,0
19,6,0.9346196625276675,6,1,1,5,1
36,7,0.42929722860119246,3,0,1,4,0
29,7,0.3862446152958269,7,0,0,1,0
60,4,0.7744834053827278,8,2,1,0,1
82,6,0.48800116458730447,0,0,1,0,1
2,5,0.17879379762500255,6,2,0,4,0
1,3,0.3545210176034498,8,2,0,7,1
47,3,0.4767240569783402,9,0,1,2,1
69,5,0.36326478292862685,4,4,1,2,0
20,2,0.39898501385258944,1,2,0,7,1
11,4,0.3643983155569517,9,0,1,2,0
2,0,0.1373492504647715,5,4,1,7,1
67,7,0.6733852307419983,6,2,1,5,0
87,1,0.6375631783181224,1,4,1,7,1
12,3,0.6880451486308126,1,3,0,2,0
20,1,0.2730789064302647,9,3,1,2,1
5,0,0.3660890874512368,9,4,0,5,1
37,6,0.6576543342504301,0,2,1,7,0
38,1,0.6396648116139292,3,0,0,5,1
9,0,0.5556972784188411,6,1,1,4,1
53,7,0.41537192500917763,8,0,0,3,1
44,5,0.9216379042972209,2,1,1,5,1
86,2,0.4057932180689594,6,1,0,1,0
24,7,0.5100572407935264,6,2,1,2,0
81,3,0.7103024478587878,6,4,1,3,0
74,0,0.5887192877800878,1,0,0,0,0
30,1,0.41219737872794704,5,4,0,4,1
59,3,0.49208031141085884,1,3,0,7,0
87,2,0.8150327360681555,5,2,0,3,1
81,5,0.35031623993795125,9,2,0,5,0
81,6,0.2280297157991339,2,3,1,2,0
14,3,0.38184688164679936,1,0,0,2,1
9,6,0.8645807939391111,5,3,0,2,0
40,0,0.18009074337071201,1,0,1,3,1
66,2,0.9925264660352067,4,1,0,2,0
25,1,0.5869026090348963,1,2,0,5,1
73,2,0.9863611695703846,2,0,0,7,1
22,2,0.9450967798773798,2,4,1,3,1
4,4,0.5075323427898251,5,4,0,2,0
26,2,0.2786419671448142,5,2,1,0,1
58,2,0.2483962989086246,9,3,1,0,0
29,7,0.3159904274829618,2,3,0,1,1
87,3,0.7391193765080836,2,0,1,2,1
37,1,0.3456549952583391,0,3,0,2,0
75,7,0.40728274264386854,6,2,0,3,0
70,7,0.5039009235951534,7,0,0,3,0
18,3,0.9219094123793107,1,1,0,6,1
85,3,0.2704540760963615,3,3,0,7,0
42,0,0.10452389734882281,9,3,1,2,0
41,3,0.15408676934035315,6,0,1,1,0
38,4,0.9142897075121061,7,4,1,7,1
34,4,0.6827648183590268,0,3,1,2,1
17,7,0.34573655739502607,3,2,0,7,0
37,6,0.259473250910072,5,3,0,5,0
25,0,0.3648400629734029,2,1,1,3,0
76,6,0.20331723452615208,4,3,0,2,1
87,6,0.947379619255997,9,4,1,7,1
86,7,0.8057855569287402,8,3,1,3,0
85,5,0.5161520592212867,2,0,1,2,0
27,7,0.8784663446036818,4,3,1,4,1
57,1,0.32451238386390907,7,4,0,3,0
31,1,0.7454085116249741,5,0,0,7,0
6,3,0.8705192491123691,3,2,1,1,1
40,3,0.4210918404609454,7,0,1,4,1
12,5,0.7817180009056459,2,1,1,5,1
53,3,0.3655651143378784,2,0,1,2,1
71,1,0.3689714217331277,3,2,1,6,1
10,6,0.19635146069876747,8,3,0,5,0
45,7,0.49605224185845886,4,0,1,3,0
17,2,0.75674071584768,7,0,1,4,1
26,4,0.9461987250141565,5,0,0,5,1
85,2,0.6434172927361864,2,0,0,1,0
62,2,0.8768219839621652,7,2,0,6,1
46,1,0.8402451843612043,8,4,0,3,1
64,2,0.2560087476777528,7,4,0,4,0
2,7,0.5372356860213683,3,0,0,5,0
54,5,0.20523118197285234,5,2,0,4,0
65,0,0.7139378454054714,0,2,0,4,1
51,3,0.9549097014214684,3,0,0,5,0
53,0,0.22338051227088085,7,1,1,0,1
36,6,0.7604948177222872,0,0,0,2,1
26,7,0.6690143357810748,2,1,1,7,1
29,7,0.6252445333072898,0,0,1,3,0
21,4,0.4511082112195053,8,1,1,3,0
11,7,0.4196184829784313,1,1,1,6,1
40,3,0.1407242701169991,8,0,1,6,1
11,7,0.29611783742681214,3,1,1,6,1
36,2,0.11365919405814422,1,3,1,3,0
59,4,0.6232753950238185,3,4,1,4,1
39,3,0.19526791229011797,9,2,0,6,1
54,5,0.8857174546267444,5,1,1,5,1
55,5,0.5708287186274488,6,1,1,2,0
24,5,0.7297209181528376,2,2,1,1,1
22,5,0.4697713826564468,2,1,1,3,1
69,2,0.6045218281009438,9,2,0,5,0
56,7,0.9483932592699674,7,0,1,2,1
33,0,0.1744606356613037,4,3,0,2,0
36,3,0.32854399473132656,3,3,0,0,0
20,2,0.8019894942194898,6,4,1,7,1
83,5,0.18886348619439927,6,1,1,5,0
81,6,0.16809499351369978,8,4,0,3,0
62,7,0.4253872588786347,8,0,1,6,1
73,0,0.18295116262518907,4,3,1,4,0
26,6,0.6265705979855828,7,0,0,6,0
66,4,0.30364772573493987,9,0,0,2,0
73,6,0.9061281668794351,0,1,1,2,1
73,4,0.805150072760731,8,0,1,1,1
40,4,0.7297346854895286,7,3,1,6,1
17,5,0.6552496246460517,5,4,0,7,1
1,4,0.877119157307317,2,3,1,7,1
89,1,0.3007558553884812,2,1,0,0,0
61,3,0.8857979584878048,7,3,0,7,1
43,3,0.810543068581647,4,2,1,2,1
42,5,0.773344743748917,9,4,0,2,0
25,1,0.6051301102674317,6,2,1,7,1
39,6,0.32161974487354006,4,2,1,4,1
35,2,0.4811931243927067,7,1,0,4,1
3,6,0.8142135890849215,9,0,1,7,1
44,7,0.12860063592159202,9,2,0,1,0
51,2,0.8038456923373825,3,3,0,5,0
12,4,0.31606366643880984,1,0,1,1,0
19,0,0.22987828064944274,2,3,1,1,0
44,2,0.20413118636227195,7,3,1,7,1
59,0,0.1245250107557336,6,0,1,4,0
49,3,0.5712278366993077,1,0,0,6,0
61,0,0.29643388542435656,5,3,0,6,1
17,3,0.9904885892016684,8,1,0,7,1
74,1,0.6169930802849852,3,4,1,6,1
57,1,0.2240967424204094,8,4,0,5,1
55,5,0.7198862867302288,1,1,0,4,1
47,5,0.9079692098587527,1,0,1,7,0
12,4,0.7706615458326529,8,3,1,0,0
62,2,0.1687958749355029,6,4,1,3,1
80,4,0.9062957630733935,6,3,0,3,0
88,3,0.8145364472739682,0,1,1,7,0
83,4,0.2424735100950529,5,3,0,7,0
8,0,0.1466072998595352,6,1,0,0,1
21,3,0.6015795177828777,5,0,0,6,0
81,5,0.24043223020597923,5,1,0,3,0
87,1,0.8511318573357448,1,1,0,5,0
80,5,0.42250119100450634,5,4,1,7,1
70,2,0.9216032002629179,3,3,0,4,1
72,3,0.6091193549269052,8,4,1,3,0
25,3,0.26440514581570135,0,2,0,5,1
82,0,0.2256389806238201,7,1,0,4,0
89,2,0.6188251938019785,4,2,1,7,1
12,1,0.7856952506761995,0,4,0,5,1
15,6,0.8033550829679639,3,3,0,0,1
59,3,0.34818166399715317,0,4,1,7,1
26,3,0.28382208302095074,5,3,1,1,0
26,0,0.11508067404314418,1,3,0,0,1
47,4,0.7112792360810524,4,0,0,3,0
32,7,0.1689114325901851,6,1,0,4,0
10,1,0.4786850815893332,1,4,1,5,1
16,5,0.6415139476164665,5,3,0,3,0
71,2,0.9433980504277093,5,4,1,3,1
17,3,0.38062192326019184,4,4,1,7,0
23,3,0.32479494620186783,4,3,0,1,0
26,5,0.6887441388574885,2,2,1,6,1
85,1,0.6573151288482235,9,1,0,3,0
86,7,0.3988988049773121,9,1,0,1,0
7,4,0.9352916519588079,1,0,1,4,0
14,3,0.8603760947406695,6,0,1,4,1
79,7,0.30158429127857306,0,0,1,5,0
7,1,0.31522829089107085,5,1,1,6,1
9,5,0.5610703121983726,5,2,1,1,0
48,0,0.7962148915576482,2,1,1,0,1
72,4,0.13963634144961795,1,1,0,4,0
59,2,0.724001638361236,1,1,0,7,1
87,3,0.6834123076438873,8,1,0,6,0
82,1,0.3083320863216894,4,2,1,5,0
39,0,0.713217711917214,6,0,1,0,0
18,2,0.9461648721268744,4,4,1,4,1
59,6,0.14210726047459168,6,0,0,4,0
17,1,0.3876868497628563,3,0,0,5,0
14,1,0.4943590449997197,7,4,1,5,1
31,2,0.9093343230322206,9,1,1,2,0
24,0,0.966035301948241,9,2,1,7,1
60,6,0.4997037218466991,6,2,1,3,0
45,7,0.7750255709279721,9,0,0,3,1
3,7,0.5784949213880347,4,4,0,0,0
37,5,0.5840046412672388,5,3,0,3,1
43,0,0.35028956355972085,4,1,1,0,0
40,4,0.2952606212774916,6,0,0,6,0
55,3,0.35920481133163706,1,2,1,4,0
87,2,0.6006952065313714,4,4,1,2,1
39,5,0.1262396674198801,9,4,1,2,1
15,6,0.9165240499207652,2,0,0,7,0
4,2,0.2406553385947986,8,3,0,7,1
86,2,0.2980798091842479,5,2,1,4,0
25,0,0.5664485588028817,9,0,0,5,0
13,3,0.7391032897035514,2,3,1,7,1
82,4,0.18615614926995758,6,4,1,7,1
33,7,0.385925227792446,3,1,1,1,0
16,1,0.9718071450169214,2,2,0,1,1
42,1,0.33610867010285117,7,2,0,3,0
66,2,0.38174513055683224,3,3,1,5,1
55,7,0.8528486415562302,0,0,0,0,0
42,7,0.14519298852140974,5,4,0,6,1
34,3,0.5181518519280738,9,3,0,2,0
30,6,0.4416550880065032,0,1,0,3,1
13,6,0.3849280839177861,4,1,1,7,0
13,5,0.35712963464028813,6,1,0,4,0
18,0,0.1822366943743683,5,3,1,5,1
32,3,0.383343246416484,1,4,1,7,0
39,3,0.13874716244410173,3,2,0,2,0
46,0,0.8028674772799917,1,0,1,0,1
29,7,0.4584050145622105,0,2,1,0,1
62,6,0.4995134490879205,2,4,0,1,0
62,6,0.9042351278051184,2,2,1,3,1
57,7,0.6922494854750987,6,3,1,7,1
16,6,0.10725319300790781,0,1,0,4,1
56,2,0.9488573406651565,8,4,0,2,0
10,3,0.3134300193799401,5,4,0,7,1
30,1,0.19685276628387297,3,2,0,6,1
25,0,0.7913153605427939,2,3,0,0,0
84,6,0.5504295842800464,2,2,1,7,0
5,5,0.49039350941621584,1,2,1,2,1
65,6,0.3245527717144676,1,4,0,4,1
49,6,0.5927243408760868,9,2,0,2,0
3,4,0.3469461446823287,4,1,1,3,1
45,2,0.9114247047583608,8,2,0,1,1
14,0,0.2936840317598735,1,1,0,2,1
30,4,0.8959196354101782,1,4,1,5,1
68,4,0.6034648831546212,5,3,1,7,1
18,5,0.8456393205057169,9,1,1,1,0
62,3,0.7415613962748595,1,3,0,4,0
37,5,0.7270256002930737,3,3,1,1,1
25,3,0.39191122692555014,5,1,0,2,0
48,3,0.31050723832498317,4,4,1,2,1
65,0,0.28979760491270934,0,0,0,5,0
53,6,0.8714724913536298,5,3,0,0,0
79,0,0.838384138233118,0,3,0,7,1
73,2,0.4965161752110766,2,4,1,5,1
15,3,0.21916415214680915,9,4,1,2,1
49,4,0.4440270267797125,4,2,1,6,1
88,6,0.6574091087232202,9,4,0,1,0
68,1,0.5089628390319576,4,3,1,5,1
12,2,0.8021703416346955,9,1,1,5,1
59,0,0.9978605400262469,5,0,0,7,1
37,5,0.27201887960400717,9,2,0,6,0
61,2,0.5136857376936153,7,1,1,6,1
43,2,0.48788551172873984,4,0,1,6,1
70,6,0.3740432794740558,0,0,1,7,1
39,2,0.27828596504826064,4,0,0,0,1
56,2,0.1591229048406933,2,1,1,2,0
63,1,0.8984073855013286,3,2,0,2,1
46,7,0.4778638279176859,7,2,0,4,0
88,5,0.547205966650044,6,0,1,7,0
11,5,0.9252478433808242,4,1,1,0,1
62,5,0.7986614297643531,1,0,0,4,0
77,3,0.2174511377054658,5,4,0,4,1
25,4,0.6088779708469682,5,2,1,4,1
71,7,0.4980270488676032,9,3,1,7,0
52,5,0.8174899653208865,9,0,1,3,1
4,2,0.7518092928507543,5,4,0,4,1
59,2,0.7213651497199648,8,2,0,5,1
72,5,0.4064903519319072,7,1,1,1,0
20,6,0.8244673573593291,7,2,0,5,1
63,5,0.14715216603537512,0,1,0,5,0
54,2,0.24366241128895053,4,1,1,2,1
74,3,0.4020609456801205,6,0,0,3,0
57,0,0.16912669696235316,5,0,1,7,0
41,0,0.31149484978122244,4,2,1,4,1
3,7,0.8471358846981263,7,4,0,2,0
6,7,0.9534263840110714,2,2,0,0,0
5,5,0.3741421201967714,5,3,1,0,0
5,1,0.3380642235899544,4,1,0,7,0
54,5,0.35190338702178425,7,1,1,2,0
47,6,0.34994717861575947,3,0,0,1,0
87,5,0.13233716396737571,7,4,0,7,0
49,7,0.9342247116979973,9,0,0,2,0
9,0,0.29232832741329556,1,3,1,2,1
20,2,0.47800366667326444,8,2,0,3,1
61,5,0.10871819446687098,8,2,1,7,1
35,2,0.8721595818235515,9,4,1,0,0
50,2,0.7580416100094255,9,0,1,0,1
82,1,0.9520804316563329,5,0,0,4,1
62,2,0.8034539312767591,3,3,1,5,1
17,0,0.3823358608468588,3,2,1,7,0
88,3,0.3230860228555813,5,0,0,2,0
3,3,0.7279446767979636,4,4,1,7,1
32,4,0.4277014975094495,5,2,1,2,0
13,6,0.6095935141773549,6,3,0,1,1
89,5,0.10563172392382321,6,4,1,7,0
73,6,0.15569713151242773,8,1,0,6,0
68,0,0.5818311470634862,7,3,1,6,1
14,2,0.6094644818033486,5,4,1,0,0
11,3,0.7763076500134093,5,0,0,1,0
56,6,0.21876878766156557,4,1,1,3,0
67,0,0.5618647753811009,0,3,1,4,1
29,3,0.27500287998851974,8,0,1,1,0
9,2,0.1838765076064252,8,1,0,0,1
67,6,0.4694462146544991,8,2,0,3,0
25,3,0.24700298328015152,7,0,0,2,0
76,5,0.29960378037308677,9,4,0,3,1
42,7,0.3857991218825516,2,3,0,5,0
9,5,0.33344956066887665,0,1,1,7,1
79,4,0.17883216766535176,7,0,0,1,0
40,4,0.18092462037373208,6,2,0,0,1
25,3,0.27392447371075135,4,3,0,1,0
5,7,0.14550326916358508,9,3,1,2,0
11,0,0.6638113177092344,6,0,1,6,1
59,5,0.35859404485801183,9,2,0,2,0
88,0,0.35177137099216393,3,1,1,0,0
79,7,0.3987984648139886,8,0,1,5,0
38,0,0.6965166467887495,9,1,1,4,0
72,7,0.8835704933351415,1,3,1,7,0
5,3,0.7831782393000746,8,1,0,7,0
48,0,0.7547763072025855,8,2,0,3,0
18,5,0.5359520670407644,4,4,1,3,1
70,2,0.7244250012706706,0,2,1,2,1
37,4,0.5974861312302249,6,1,1,1,1
60,2,0.29462547536787603,9,0,1,6,0
48,0,0.28772953096694565,9,3,0,1,1
77,2,0.3667528061877551,3,4,1,5,0
28,5,0.9197224038728319,8,0,0,4,1
69,5,0.5926733563417533,5,0,1,7,1
77,0,0.7605148393016825,2,2,0,1,1
81,3,0.4119028838348928,5,1,1,7,1
40,2,0.46694419359870276,9,2,0,3,0
45,3,0.21300902077352624,5,1,0,7,1
62,3,0.25416546203950335,4,2,0,6,1
58,7,0.844620899343531,1,0,1,7,1
67,1,0.6263547685199938,9,3,0,1,0
56,0,0.40377921929543703,9,1,1,6,0
40,4,0.8225660880959914,1,4,0,7,1
40,5,0.32186791507418466,6,4,0,4,0
77,5,0.9784294287401835,1,0,1,3,1
33,0,0.4103358469715528,5,2,0,7,1
6,7,0.4035798587361048,4,2,1,6,0
88,6,0.3807207149830347,3,0,1,1,1
19,6,0.20990036433185916,6,4,1,3,0
80,6,0.20002343259881117,7,4,1,2,1
40,7,0.683294531080711,3,2,0,2,0
59,4,0.8876062401022423,0,1,0,5,1
59,5,0.8114684592445062,0,3,1,2,0
48,0,0.226996834619216,0,1,0,1,0
41,7,0.5910239096128598,0,4,0,4,1
13,5,0.195032391378976,4,1,1,3,1
45,3,0.1407651792517697,3,3,0,6,0
89,2,0.6907472734462905,8,1,1,0,0
53,2,0.5816371003123153,2,1,0,2,1
42,7,0.17382131669032377,6,1,0,2,1
63,5,0.13144532176538962,7,1,1,0,0
27,1,0.9907807720684012,5,0,0,6,1
38,4,0.1270191989341647,9,4,0,6,0
60,6,0.5000754277451437,0,3,1,0,1
7,4,0.554157122146926,7,4,0,6,1
5,4,0.20555213302040054,9,0,1,1,1
45,7,0.25215560059574466,2,0,0,6,0
58,3,0.4166245057693173,7,0,1,3,1
31,4,0.7855082885922964,3,0,1,6,1
23,2,0.55637418165424,7,1,1,7,1
42,3,0.6741116870976653,0,4,1,7,1
10,0,0.9866570995816073,2,2,1,2,1
32,4,0.7912048917818887,5,3,0,4,1
53,4,0.490925348327096,8,0,0,1,0
30,0,0.5017977296168938,1,4,1,1,1
39,4,0.6568948693369046,0,0,0,6,1
31,0,0.6988286875770139,9,0,1,4,1
82,3,0.5506398332530043,2,0,0,4,1
2,2,0.6803751005334819,3,0,0,5,1
78,0,0.1211792449726889,4,0,1,4,0
77,1,0.48666057750715974,2,3,1,6,0
12,7,0.35104426846612913,9,4,0,6,0
39,7,0.21625700071879936,1,0,0,0,0
66,0,0.18959186152789764,1,0,1,2,1
13,7,0.6428729490532007,6,0,0,7,1
46,4,0.5712404924373505,8,0,0,5,0
27,6,0.3282257052967323,9,1,1,6,1
17,6,0.523855052895263,1,1,0,0,0
60,7,0.5430090836641674,6,2,1,5,0
64,3,0.2755080823947542,6,0,1,2,0
88,5,0.6868837556934856,6,2,1,5,1
35,3,0.8028274207474814,2,3,0,0,0
70,5,0.8123171868005671,6,2,0,3,0
83,6,0.6422228476331096,0,4,1,7,0
30,6,0.5604747242671126,9,1,1,6,0
71,0,0.1549064287048554,0,1,0,7,0
74,2,0.3590481689664453,4,0,0,2,1
63,1,0.1839443021003529,1,0,0,1,0
28,3,0.9674408447906263,8,3,1,2,1
60,4,0.22157213160318462,6,3,1,2,1
79,5,0.23659786886599185,3,4,0,2,0
37,7,0.900618956497443,3,0,0,3,0
22,4,0.9495354551288121,1,0,0,6,1
68,2,0.7892461353114189,4,3,1,0,1
20,5,0.10486443130540289,3,3,1,6,1
68,3,0.10121164386090734,0,3,0,1,0
64,0,0.4402906928087057,7,1,0,0,1
17,4,0.22905583300980328,2,2,1,5,1
12,2,0.11654752793643756,5,2,1,5,1
22,3,0.5176600204640542,3,0,0,5,1
17,6,0.9487557076662744,8,1,0,0,0
10,6,0.3914376174121883,6,3,0,4,1
65,3,0.6950266105858268,8,0,1,3,1
22,3,0.6870118178191966,9,1,0,4,1
82,3,0.32597209329865096,2,4,1,6,0
50,5,0.6853827239414779,0,1,1,5,0
14,3,0.2911005768582021,4,0,0,3,1
64,4,0.20980667221920013,2,2,0,0,0
47,2,0.731244957003721,5,3,1,5,0
29,5,0.20209673539352507,7,4,0,0,1
76,3,0.9972182967304198,3,1,1,3,0
36,1,0.2651071610352064,4,0,0,0,0
52,7,0.6347276764808117,4,0,0,0,0
76,1,0.4702371142713304,3,3,0,1,0
7,2,0.2137477801651004,3,0,0,6,0
29,6,0.12505951681967206,3,0,1,4,0
11,0,0.66045905406355,3,3,1,7,1
33,0,0.8260818074102135,3,4,1,4,1
6,7,0.8578140953560696,4,2,0,4,1
79,6,0.534442125769241,1,2,1,2,0
32,5,0.799709920464147,1,1,1,1,0
51,5,0.7055624201396903,8,4,1,7,1
75,5,0.7518290747492199,1,1,0,5,0
58,0,0.5433391046996328,5,2,1,5,1
87,1,0.6700705662179144,1,3,0,5,1
26,0,0.8249733222184512,4,0,0,4,1
46,4,0.45809575800132074,3,2,1,6,1
29,3,0.8253810107808254,6,4,0,4,1
4,5,0.6328151585101566,6,2,1,7,0
81,1,0.24931092193370763,5,4,1,6,1
13,2,0.12221574150212616,9,4,1,1,1
39,7,0.42647824035923687,4,4,1,6,0
15,2,0.5920266954667058,0,1,1,7,0
29,3,0.8558383169831395,2,3,0,0,0
29,1,0.2147371121262216,8,2,1,4,1
75,0,0.8201857129152212,0,3,0,5,1
32,0,0.8767081414605042,4,0,1,0,0
2,4,0.23561873830075042,1,2,1,4,1
47,4,0.8664348873737971,3,3,1,3,1
78,0,0.9923082110585129,0,3,0,2,0
84,2,0.7541549479434138,2,0,0,4,0
22,7,0.8062927136424891,9,4,0,3,1
75,5,0.9949737408029861,6,2,0,7,0
27,2,0.6449331254733508,9,2,1,1,1
67,7,0.37709774381462446,2,0,1,3,0
81,4,0.8537777506684501,3,4,0,1,1
56,3,0.6530371997604681,1,2,0,4,0
21,7,0.6230758813488609,2,2,0,1,1
47,0,0.32827199996263445,8,2,1,3,1
80,4,0.7807008426245979,2,4,0,6,0
59,4,0.17350054827408662,4,0,0,2,0
84,5,0.931858363715195,1,2,1,0,0
6,0,0.39324111469343626,3,3,0,0,0
19,5,0.2149971875109914,6,4,1,2,0
57,0,0.49812987979217693,6,1,1,5,1
69,5,0.13822291833087985,2,0,1,0,0
3,7,0.7161635748384697,4,3,1,7,0
1,2,0.9124349594008205,0,2,1,4,1
58,3,0.8535367064246578,9,1,0,5,1
38,3,0.21463252610309297,9,0,0,4,1
15,0,0.21364402339695868,9,4,1,3,0
34,1,0.8320910340918377,0,1,1,7,1
61,6,0.9318288471428043,4,1,0,3,1
35,4,0.5146028468501402,9,3,0,5,0
64,4,0.5490740052223894,8,0,1,5,0
25,0,0.38643583724715336,0,3,0,7,1
24,7,0.9048386064307725,0,3,0,7,1
12,5,0.6804126147631203,3,2,1,5,1
18,1,0.3594264194506317,3,4,0,5,1
15,2,0.3689045839488264,1,1,0,1,1
80,5,0.9020800657572421,8,0,0,6,0
27,5,0.11227062151523932,8,4,0,5,1
72,0,0.39045391545397456,1,4,1,7,0
60,0,0.5989210130947321,8,0,0,6,1
46,7,0.23339571588939217,5,4,1,5,1
89,4,0.18288887877963084,7,2,0,3,0
17,0,0.833748697981504,9,4,1,4,1
53,0,0.9049639497836565,3,2,1,6,1
8,0,0.8412457787183705,1,1,0,3,0
79,7,0.9089091007636129,1,1,1,0,0
27,4,0.5978007739525344,8,3,1,7,1
46,2,0.8310323088913077,0,2,1,1,1
50,2,0.4456383745519904,6,1,1,1,1
71,6,0.6996410753311346,2,4,1,4,1
3,6,0.989951978250248,2,0,0,5,0
64,0,0.3031549514552147,1,0,1,3,0
44,6,0.45090977166197255,9,2,1,0,1
53,4,0.532042639579077,5,3,0,3,1
24,7,0.22421393831804656,9,4,0,7,0
60,2,0.1729347494185511,1,2,1,7,0
3,5,0.846750579689462,9,0,0,5,1
20,2,0.9791149355448275,3,2,0,5,0
46,2,0.4642525574466928,9,4,0,7,0
15,4,0.17888485257518794,8,1,0,2,1
25,6,0.15923058462151884,8,4,0,7,1
78,5,0.9021863857242688,5,1,0,3,1
71,4,0.5174328247549119,3,1,1,4,0
17,0,0.38802458490615277,6,1,1,3,1
84,7,0.5288151441154596,0,2,0,1,0
9,3,0.38647368522311265,3,0,0,0,1
38,2,0.5401321977768581,4,2,1,6,1
48,3,0.8736007572261432,7,0,0,4,0
60,7,0.6330712339558862,1,4,1,2,0
63,7,0.7251883955291578,4,3,0,0,1
86,4,0.4282036086109029,5,4,1,0,0
2,4,0.7646552906594669,4,2,1,6,1
88,4,0.6999553763914351,8,2,0,1,0
72,3,0.2076057979768508,9,0,0,1,0
11,4,0.6153785678040261,0,2,0,1,1
64,7,0.33106914667878223,2,1,0,4,0
77,0,0.8236861026702336,1,2,1,3,1
81,4,0.4833439376202455,2,0,0,0,0
72,1,0.9952157486768385,9,0,1,3,1
21,6,0.1832503941450674,8,1,0,3,0
18,3,0.8023130764661427,8,0,1,1,0
64,1,0.7063315601879409,9,3,0,3,1
82,4,0.7907489475316349,1,4,0,0,0
38,7,0.37677681594141077,2,2,1,0,0
32,0,0.5428490404441606,3,3,0,5,1
11,2,0.8168576677513375,8,2,0,2,1
45,5,0.3092871984587695,2,3,0,4,0
89,6,0.30342987710978686,6,2,0,3,0
33,5,0.5959458579654392,2,1,0,4,0
41,4,0.5712072215768702,6,0,1,4,1
8,6,0.35403622337163954,6,0,0,4,0
11,6,0.36826808547234047,8,1,1,6,0
86,0,0.350060646885909,1,3,0,7,0
51,6,0.7943608557986389,5,4,0,5,1
88,3,0.6867107790062146,8,3,1,4,1
41,1,0.8491754650692275,1,0,1,7,1
17,1,0.9779257254826197,1,4,1,7,1
76,1,0.5267478666447878,4,2,1,5,0
46,3,0.16002449326490398,9,4,1,0,1
32,5,0.1432830793708319,9,3,0,6,0
79,0,0.36609853534445724,9,1,1,3,1
80,6,0.9392901304172058,7,2,1,5,0
54,3,0.5708917494737874,8,3,0,2,1
86,1,0.3446078644721162,1,2,0,7,1
20,4,0.45925011505991764,4,4,1,4,0
33,2,0.6387355966642038,6,0,1,7,0
74,6,0.687654692324058,5,3,1,6,1
40,3,0.23852755880461454,5,1,0,2,1
32,7,0.9793285088906584,6,4,1,0,1
2,3,0.59029500428451,2,3,0,0,1
33,0,0.22211948601305137,2,1,0,1,1
77,0,0.9042717280115203,9,3,0,4,0
30,3,0.16717458797148593,8,4,0,1,0
33,1,0.9169618898597615,7,3,1,6,1
77,2,0.9969090906600842,4,2,0,2,0
26,6,0.7303886192408535,5,4,0,7,1
22,0,0.7934024989665908,9,3,1,3,1
66,6,0.4035725528207378,0,0,0,1,0
38,1,0.9474191674605403,9,3,1,0,1
46,6,0.5767425694975309,0,2,0,4,1
15,4,0.7591496019377993,3,1,1,7,1
44,0,0.9316969443201515,1,1,0,2,1
49,1,0.9776619783779574,6,1,0,5,1
75,1,0.8498839209370069,1,0,1,6,1
61,2,0.372715756283827,9,2,0,6,0
67,2,0.9698927648968741,1,4,0,0,0
6,4,0.6653075781192146,4,1,1,5,0
9,1,0.9375782287167639,3,2,0,6,1
6,5,0.7084945232329166,7,3,0,3,1
73,1,0.37651506566294846,3,0,1,7,1
32,2,0.43302207172853435,5,2,1,4,1
41,5,0.5954245993926465,4,2,1,7,0
76,0,0.8110133574038938,1,4,1,3,1
8,0,0.38618429620630146,7,2,1,6,1
72,6,0.6217580495207728,1,4,0,3,0
50,3,0.4110624942187614,8,0,1,7,1
62,2,0.8341924641715964,8,0,0,6,0
84,3,0.5200552843911554,2,3,1,4,1
62,5,0.1690505441675967,3,4,0,4,0
7,2,0.24944726933338274,7,4,0,5,1
75,4,0.15499420085766907,8,1,1,3,0
84,1,0.5493726514128927,2,1,0,2,0
80,4,0.19570356761340446,4,3,0,5,0
4,5,0.2027259723786689,7,0,1,4,1
6,2,0.9469434340345393,2,1,1,0,1
58,7,0.8853895649584499,6,2,1,6,1
22,5,0.5068779371302294,7,0,1,5,1
26,7,0.9872247887651852,9,2,0,1,0
3,1,0.10016787535359681,2,4,0,2,0
41,0,0.6525815106460544,1,0,0,6,1
60,0,0.6547853596346831,9,3,0,5,0
14,5,0.5116987502828994,6,4,0,4,1
75,3,0.45725317564086354,8,4,0,7,0
82,2,0.5098448219325469,0,2,1,4,0
12,2,0.47346439247171246,2,4,0,2,1
87,0,0.7574432297340694,4,1,0,1,0
12,6,0.22181989147595566,2,0,0,5,0
13,4,0.27787529853201715,0,1,1,7,1
25,6,0.26246640555318124,6,2,1,5,0
45,1,0.3362235266091381,6,2,1,3,1
19,4,0.5727325769034249,9,0,1,0,0
55,4,0.20008787260439687,7,4,0,4,0
45,5,0.8813523657938537,4,3,0,5,1
8,0,0.3676253781776251,9,2,0,5,1
53,6,0.24628418872183708,4,0,1,6,0
55,6,0.7080591786384189,4,3,0,6,0
32,0,0.13427767053938736,0,4,0,5,1
51,6,0.6579717083867478,9,2,0,1,0
44,7,0.7283785876088498,4,0,1,0,0
82,0,0.2934248782480473,5,0,1,5,1
70,5,0.13776766609927088,0,0,1,2,0
18,3,0.4272808230275047,6,2,0,4,0
83,4,0.18873480721774283,0,3,0,3,1
22,5,0.20483006470600337,1,0,0,6,0
37,2,0.3288351083003781,1,4,0,2,0
56,1,0.3659211321640834,4,0,1,4,0
59,3,0.5769733069192785,9,3,0,7,1
3,2,0.7105526969527118,6,2,1,6,1
28,4,0.6334938467831663,0,0,0,1,1
74,6,0.23352430356056514,9,0,1,6,0
35,0,0.2548774292073638,0,4,0,0,1
61,4,0.890892324813623,0,4,0,0,0
54,5,0.6025170835577023,5,0,1,4,0
63,1,0.8829440496079201,1,0,1,2,0
79,5,0.434391860187887,0,4,0,3,0
7,3,0.6529600066881914,5,3,0,1,1
76,3,0.5712970744491497,1,1,0,4,0
49,1,0.38721114083841635,5,1,1,7,1
85,7,0.5229238348302359,9,0,0,1,0
31,2,0.5522417891442388,7,4,1,0,1
58,2,0.28069387728101075,1,2,0,5,0
61,3,0.3835093351390584,8,2,0,5,0
24,3,0.8122687754562781,7,1,0,3,1
20,6,0.9242094155087144,9,3,0,1,0
37,0,0.4238146841907695,0,1,1,4,1
4,6,0.37627505398811634,6,0,1,3,0
20,6,0.2756774481146943,9,3,0,6,0
60,7,0.7106420517855231,5,2,0,6,0
24,2,0.39078973149970353,5,4,0,7,1
50,7,0.9889745851892696,5,4,1,2,1
49,7,0.39311632185755796,5,0,0,5,0
51,1,0.4547224421043653,9,1,1,4,1
36,2,0.6430007765908313,6,0,1,1,1
66,0,0.8215158638721745,2,4,1,3,1
79,5,0.5225667988110704,5,2,1,4,1
34,3,0.48039043041006246,2,4,0,3,0
36,3,0.9960740502353275,6,3,0,3,1
6,0,0.10944427702595,6,4,1,3,1
39,7,0.9055587599661212,7,4,0,1,0
42,6,0.2342267433457637,1,3,0,4,0
58,1,0.8073327485880221,8,1,0,0,1
12,7,0.6561384038616682,4,4,1,0,1
3,3,0.4076625569482829,8,0,0,1,0
18,4,0.8864874599689165,9,4,0,6,1
40,6,0.11161650518289279,4,0,0,1,0
21,3,0.3040215868674313,6,3,0,5,0
15,4,0.6102035166245824,8,4,0,3,0
26,7,0.41638803404472824,3,3,0,4,0
8,0,0.6493397457864949,1,3,0,4,0
87,0,0.12169917406780015,8,1,0,2,1
42,6,0.2048130374335413,1,4,0,2,0
44,3,0.21438661619659533,2,0,0,7,0
14,2,0.2703552813244085,9,0,1,0,1
78,4,0.5133982967204885,1,4,0,2,0
2,1,0.7769158295892141,2,1,1,2,0
37,3,0.914984954136011,5,1,0,0,0
69,1,0.8518352772558214,2,1,1,5,1
38,3,0.2771990845981152,9,0,1,6,1
41,2,0.4970354970075691,7,3,0,0,0
62,2,0.2794704379826815,5,1,1,6,1
60,6,0.3380246350004717,6,0,1,7,1
14,6,0.5531922833606976,0,0,1,2,1
89,2,0.1612981222511703,2,3,0,4,0
84,5,0.29635689663394593,2,4,1,2,0
2,2,0.9418403451764056,1,4,1,3,1
70,0,0.5195046633926401,6,1,0,7,0
17,0,0.500847873380085,8,1,1,6,0
89,5,0.11311043927615101,3,3,1,6,0
28,7,0.3226597723525112,4,1,1,3,0
66,4,0.8796631923839632,2,3,0,3,0
35,7,0.24816558543280187,8,0,1,5,0
5,1,0.47361244558124893,3,1,0,1,1
65,7,0.11289781528030113,4,0,1,3,0
40,3,0.5305019335035003,0,2,1,6,0
76,7,0.11891899605359545,1,3,1,4,0
56,3,0.8376485977592198,8,2,1,6,1
36,5,0.8423683907383932,1,1,0,6,1
45,0,0.8089679694721329,4,0,1,5,1
23,6,0.3550276620020064,7,1,0,1,0
47,3,0.8535134963996363,2,2,1,1,1
31,0,0.5886983193447424,5,1,0,3,1
11,4,0.4364272979803022,3,4,1,7,0
10,1,0.6627969637338097,6,2,1,2,1
67,4,0.11110694145433661,9,1,0,6,1
14,5,0.22866478984067695,2,0,0,0,0
80,7,0.7680641843532365,5,1,0,2,0
74,7,0.31974544784453773,9,0,0,2,0
10,2,0.6382082055958747,8,4,1,1,1
76,2,0.44659234254072666,9,1,0,1,1
1,2,0.8693252009193353,0,4,0,5,0
5,4,0.9571737753969792,2,2,0,5,1
20,3,0.8952082555331714,1,0,1,1,1
8,1,0.343557995224237,7,2,1,4,1
43,2,0.27474658214147407,6,0,1,4,1
76,5,0.5269914042586615,1,4,1,0,0
1,5,0.10660073575256225,5,3,0,1,0
57,2,0.12322845357686357,2,1,1,3,0
64,7,0.5979615756607001,7,4,0,5,0
84,2,0.5684044637487574,9,0,1,1,0
28,1,0.9951237901317339,2,0,0,4,1
37,2,0.28165765182738234,9,0,0,1,0
47,1,0.3322935362444216,8,0,0,4,0
76,5,0.20218657809365803,0,1,0,1,0
37,2,0.9257887086883703,4,2,0,6,1
49,4,0.8000301200126057,2,3,1,3,1
44,6,0.8401052003111628,5,1,0,7,0
56,4,0.9124874091680578,9,0,0,0,0
28,5,0.5724099880532545,1,1,0,6,1
79,1,0.5060738723056514,8,4,0,3,1
6,4,0.3973523262990548,5,0,1,4,1
61,1,0.63029315291307,6,3,1,5,0
20,4,0.5088505571108403,4,0,0,5,1
78,4,0.5064090279450176,8,3,0,2,0
2,1,0.943235077358025,0,3,0,3,1
73,3,0.9856283628512171,4,2,0,1,0
37,4,0.8168359503966227,9,2,1,0,1
20,2,0.7810822812222354,5,1,1,1,1
26,6,0.7125023456011913,6,1,0,1,1
29,5,0.24946736710016235,3,3,0,3,0
1,3,0.15319523878808908,0,0,0,7,1
35,1,0.7216536836019368,7,4,0,0,1
70,3,0.7559076000309184,9,4,0,2,0
59,0,0.14227569198832582,3,0,1,6,1
69,0,0.9352465752059633,2,0,1,1,1
33,4,0.1820265755002098,6,2,0,0,1
51,4,0.3573104803940822,1,4,1,2,1
78,2,0.7051508315188341,7,3,1,6,0
12,6,0.2528853349640287,5,1,1,1,0
20,5,0.14987429959802,6,2,0,0,0
53,3,0.39803184024773486,4,4,1,6,0
88,0,0.7893744173696612,8,0,1,3,1
43,4,0.47231081108673434,4,4,0,7,0
89,7,0.6876756297171454,4,3,1,5,0
50,7,0.621657187505323,2,2,0,5,1
29,5,0.11999663382302238,0,0,1,1,1
57,3,0.989685988341136,1,3,0,1,0
39,4,0.137285279937449,7,1,0,6,0
56,4,0.9710224638836366,0,2,1,0,1
43,0,0.5948777605279584,6,3,1,5,1
50,0,0.9668431243585599,4,3,0,1,1
23,4,0.2032782394724519,2,0,0,2,1
44,1,0.541367667266962,6,1,1,1,1
38,4,0.2525536826794528,8,3,1,5,1
84,5,0.14587738932019817,1,2,1,4,0
23,4,0.6557762035560804,7,3,1,7,1
45,2,0.2870050788655223,8,4,0,5,1
52,6,0.6289273164587913,2,2,0,2,0
80,2,0.20112803375408705,1,2,0,0,0
50,2,0.3987878242894325,6,3,1,2,1
8,1,0.8034693022479225,4,0,1,4,1
85,1,0.49334636965796885,4,2,0,4,0
1,7,0.6649708734076027,9,4,0,1,1
8,4,0.6827121466709913,4,0,0,1,0
29,2,0.8593795395885643,3,0,0,5,1
5,1,0.39243051496597714,4,0,0,3,0
86,0,0.7185660063242658,3,2,0,7,0
47,4,0.9654542263415491,5,0,1,2,1
34,5,0.7572190009220813,3,3,0,5,0
65,6,0.5408834290459701,1,0,0,3,0
55,3,0.6676457000427363,8,4,0,5,1
43,4,0.7657146079867974,1,1,0,7,1
74,3,0.6510481891244851,8,4,0,7,0
30,2,0.11500823214085525,9,2,0,4,0
82,6,0.27529614791850326,5,0,0,1,0
17,3,0.8294213954939195,8,0,1,1,1
26,2,0.3453855825812362,8,3,0,7,0
8,0,0.7584059076050206,2,0,1,5,1
47,3,0.43490819371752887,0,4,1,7,1
76,6,0.5696958953421488,0,2,1,1,0
72,7,0.16117596983746335,2,1,0,0,0
89,4,0.2631030049447386,4,0,0,5,0
46,2,0.9614772671673111,2,1,0,4,0
